<?xml version='1.0'?>
<FlightData>
<Header RecordType="H">
	<HostAirportCode>YKF</HostAirportCode>
	<HostAirportCity>Kitchener</HostAirportCity>
	<FlightNumber>3092</FlightNumber>
	<FlightDate>20160330</FlightDate>
	<AirlineCode>AA</AirlineCode>
	<ArrivalOrDeparture>A</ArrivalOrDeparture>
	<ViaAirportCode>MDW</ViaAirportCode>
	<ViaAirportCity>Chicago</ViaAirportCity>
	<LegNumber>1</LegNumber>
	<BaggageCarousel></BaggageCarousel>
	<Gate></Gate>
	<Terminal></Terminal>
	<ScheduleTime>1416</ScheduleTime>
	<EstimatedTime>201603301416</EstimatedTime>
	<Route></Route>
	<CurrentDisplayID>7101696</CurrentDisplayID>
	<ServerUTCTime>3/30/2016 1:04:18 PM</ServerUTCTime>
	<ServerUTCUnixTime>1459343058000</ServerUTCUnixTime>
	<ActualTime></ActualTime>
	<Status>On Time</Status>
	<AircraftType></AircraftType>
	<Comments>Chicago</Comments>
	<Tail></Tail>
	<RegistrationNumber></RegistrationNumber>
	</Header>
<Header RecordType="H">
	<HostAirportCode>YKF</HostAirportCode>
	<HostAirportCity>Kitchener</HostAirportCity>
	<FlightNumber>3278</FlightNumber>
	<FlightDate>20160330</FlightDate>
	<AirlineCode>AA</AirlineCode>
	<ArrivalOrDeparture>D</ArrivalOrDeparture>
	<ViaAirportCode>MDW</ViaAirportCode>
	<ViaAirportCity>Chicago</ViaAirportCity>
	<LegNumber>1</LegNumber>
	<BaggageCarousel></BaggageCarousel>
	<Gate>2</Gate>
	<Terminal></Terminal>
	<ScheduleTime>1500</ScheduleTime>
	<EstimatedTime>201603301500</EstimatedTime>
	<Route></Route>
	<CurrentDisplayID>7101695</CurrentDisplayID>
	<ServerUTCTime>3/30/2016 1:04:18 PM</ServerUTCTime>
	<ServerUTCUnixTime>1459343058000</ServerUTCUnixTime>
	<ActualTime></ActualTime>
	<Status>On Time</Status>
	<AircraftType></AircraftType>
	<Comments>Chicago</Comments>
	<Tail></Tail>
	<RegistrationNumber></RegistrationNumber>
	</Header>
<Header RecordType="H">
	<HostAirportCode>YKF</HostAirportCode>
	<HostAirportCity>Kitchener</HostAirportCity>
	<FlightNumber>556</FlightNumber>
	<FlightDate>20160330</FlightDate>
	<AirlineCode>WJA</AirlineCode>
	<ArrivalOrDeparture>A</ArrivalOrDeparture>
	<ViaAirportCode>YYC</ViaAirportCode>
	<ViaAirportCity>Calgary</ViaAirportCity>
	<LegNumber>1</LegNumber>
	<BaggageCarousel></BaggageCarousel>
	<Gate>1</Gate>
	<Terminal></Terminal>
	<ScheduleTime>1813</ScheduleTime>
	<EstimatedTime>201603301813</EstimatedTime>
	<Route></Route>
	<CurrentDisplayID>7096637</CurrentDisplayID>
	<ServerUTCTime>3/30/2016 1:04:18 PM</ServerUTCTime>
	<ServerUTCUnixTime>1459343058000</ServerUTCUnixTime>
	<ActualTime></ActualTime>
	<Status>On Time</Status>
	<AircraftType>73W</AircraftType>
	<Comments>Calgary</Comments>
	<Tail>218</Tail>
	<RegistrationNumber>CFWSF</RegistrationNumber>
	</Header>
<Header RecordType="H">
	<HostAirportCode>YKF</HostAirportCode>
	<HostAirportCity>Kitchener</HostAirportCity>
	<FlightNumber>557</FlightNumber>
	<FlightDate>20160330</FlightDate>
	<AirlineCode>WJA</AirlineCode>
	<ArrivalOrDeparture>D</ArrivalOrDeparture>
	<ViaAirportCode>YYC</ViaAirportCode>
	<ViaAirportCity>Calgary</ViaAirportCity>
	<LegNumber>1</LegNumber>
	<BaggageCarousel></BaggageCarousel>
	<Gate>1</Gate>
	<Terminal></Terminal>
	<ScheduleTime>1855</ScheduleTime>
	<EstimatedTime>201603301855</EstimatedTime>
	<Route></Route>
	<CurrentDisplayID>7097019</CurrentDisplayID>
	<ServerUTCTime>3/30/2016 1:04:18 PM</ServerUTCTime>
	<ServerUTCUnixTime>1459343058000</ServerUTCUnixTime>
	<ActualTime></ActualTime>
	<Status>On Time</Status>
	<AircraftType>73W</AircraftType>
	<Comments>Calgary</Comments>
	<Tail>218</Tail>
	<RegistrationNumber>CFWSF</RegistrationNumber>
	</Header>
<Header RecordType="H">
	<HostAirportCode>YKF</HostAirportCode>
	<HostAirportCity>Kitchener</HostAirportCity>
	<FlightNumber>3423</FlightNumber>
	<FlightDate>20160330</FlightDate>
	<AirlineCode>AA</AirlineCode>
	<ArrivalOrDeparture>A</ArrivalOrDeparture>
	<ViaAirportCode>MDW</ViaAirportCode>
	<ViaAirportCity>Chicago</ViaAirportCity>
	<LegNumber>1</LegNumber>
	<BaggageCarousel></BaggageCarousel>
	<Gate></Gate>
	<Terminal></Terminal>
	<ScheduleTime>2208</ScheduleTime>
	<EstimatedTime>201603302208</EstimatedTime>
	<Route></Route>
	<CurrentDisplayID>7102040</CurrentDisplayID>
	<ServerUTCTime>3/30/2016 1:04:18 PM</ServerUTCTime>
	<ServerUTCUnixTime>1459343058000</ServerUTCUnixTime>
	<ActualTime></ActualTime>
	<Status>On Time</Status>
	<AircraftType></AircraftType>
	<Comments>Chicago</Comments>
	<Tail></Tail>
	<RegistrationNumber></RegistrationNumber>
	</Header>
<Header RecordType="H">
	<HostAirportCode>YKF</HostAirportCode>
	<HostAirportCity>Kitchener</HostAirportCity>
	<FlightNumber>554</FlightNumber>
	<FlightDate>20160331</FlightDate>
	<AirlineCode>WJA</AirlineCode>
	<ArrivalOrDeparture>A</ArrivalOrDeparture>
	<ViaAirportCode>YYC</ViaAirportCode>
	<ViaAirportCity>Calgary</ViaAirportCity>
	<LegNumber>1</LegNumber>
	<BaggageCarousel></BaggageCarousel>
	<Gate></Gate>
	<Terminal></Terminal>
	<ScheduleTime>0538</ScheduleTime>
	<EstimatedTime>201603310538</EstimatedTime>
	<Route></Route>
	<CurrentDisplayID>7098152</CurrentDisplayID>
	<ServerUTCTime>3/30/2016 1:04:18 PM</ServerUTCTime>
	<ServerUTCUnixTime>1459343058000</ServerUTCUnixTime>
	<ActualTime></ActualTime>
	<Status>On Time</Status>
	<AircraftType>73W</AircraftType>
	<Comments>Calgary</Comments>
	<Tail>243</Tail>
	<RegistrationNumber>CGWJG</RegistrationNumber>
	</Header>
<Header RecordType="H">
	<HostAirportCode>YKF</HostAirportCode>
	<HostAirportCity>Kitchener</HostAirportCity>
	<FlightNumber>3137</FlightNumber>
	<FlightDate>20160331</FlightDate>
	<AirlineCode>AA</AirlineCode>
	<ArrivalOrDeparture>D</ArrivalOrDeparture>
	<ViaAirportCode>ORD</ViaAirportCode>
	<ViaAirportCity>Chicago</ViaAirportCity>
	<LegNumber>1</LegNumber>
	<BaggageCarousel></BaggageCarousel>
	<Gate></Gate>
	<Terminal></Terminal>
	<ScheduleTime>0630</ScheduleTime>
	<EstimatedTime>201603310630</EstimatedTime>
	<Route></Route>
	<CurrentDisplayID>7103406</CurrentDisplayID>
	<ServerUTCTime>3/30/2016 1:04:18 PM</ServerUTCTime>
	<ServerUTCUnixTime>1459343058000</ServerUTCUnixTime>
	<ActualTime></ActualTime>
	<Status>On Time</Status>
	<AircraftType></AircraftType>
	<Comments>Chicago OHare</Comments>
	<Tail></Tail>
	<RegistrationNumber></RegistrationNumber>
	</Header>
<Header RecordType="H">
	<HostAirportCode>YKF</HostAirportCode>
	<HostAirportCity>Kitchener</HostAirportCity>
	<FlightNumber>1978</FlightNumber>
	<FlightDate>20160331</FlightDate>
	<AirlineCode>WJA</AirlineCode>
	<ArrivalOrDeparture>D</ArrivalOrDeparture>
	<ViaAirportCode>MCO</ViaAirportCode>
	<ViaAirportCity>Orlando</ViaAirportCity>
	<LegNumber>1</LegNumber>
	<BaggageCarousel></BaggageCarousel>
	<Gate></Gate>
	<Terminal></Terminal>
	<ScheduleTime>0945</ScheduleTime>
	<EstimatedTime>201603310945</EstimatedTime>
	<Route></Route>
	<CurrentDisplayID>7098479</CurrentDisplayID>
	<ServerUTCTime>3/30/2016 1:04:18 PM</ServerUTCTime>
	<ServerUTCUnixTime>1459343058000</ServerUTCUnixTime>
	<ActualTime></ActualTime>
	<Status>On Time</Status>
	<AircraftType>73W</AircraftType>
	<Comments>Orlando</Comments>
	<Tail>243</Tail>
	<RegistrationNumber>CGWJG</RegistrationNumber>
	</Header>
<Header RecordType="H">
	<HostAirportCode>YKF</HostAirportCode>
	<HostAirportCity>Kitchener</HostAirportCity>
	<FlightNumber>1277</FlightNumber>
	<FlightDate>20160331</FlightDate>
	<AirlineCode>WJA</AirlineCode>
	<ArrivalOrDeparture>A</ArrivalOrDeparture>
	<ViaAirportCode>MCO</ViaAirportCode>
	<ViaAirportCity>Orlando</ViaAirportCity>
	<LegNumber>1</LegNumber>
	<BaggageCarousel></BaggageCarousel>
	<Gate></Gate>
	<Terminal></Terminal>
	<ScheduleTime>1642</ScheduleTime>
	<EstimatedTime>201603311642</EstimatedTime>
	<Route></Route>
	<CurrentDisplayID>7098787</CurrentDisplayID>
	<ServerUTCTime>3/30/2016 1:04:18 PM</ServerUTCTime>
	<ServerUTCUnixTime>1459343058000</ServerUTCUnixTime>
	<ActualTime></ActualTime>
	<Status>On Time</Status>
	<AircraftType>73W</AircraftType>
	<Comments>Orlando</Comments>
	<Tail>243</Tail>
	<RegistrationNumber>CGWJG</RegistrationNumber>
	</Header>
<Header RecordType="H">
	<HostAirportCode>YKF</HostAirportCode>
	<HostAirportCity>Kitchener</HostAirportCity>
	<FlightNumber>557</FlightNumber>
	<FlightDate>20160331</FlightDate>
	<AirlineCode>WJA</AirlineCode>
	<ArrivalOrDeparture>D</ArrivalOrDeparture>
	<ViaAirportCode>YYC</ViaAirportCode>
	<ViaAirportCity>Calgary</ViaAirportCity>
	<LegNumber>1</LegNumber>
	<BaggageCarousel></BaggageCarousel>
	<Gate></Gate>
	<Terminal></Terminal>
	<ScheduleTime>1855</ScheduleTime>
	<EstimatedTime>201603311855</EstimatedTime>
	<Route></Route>
	<CurrentDisplayID>7099081</CurrentDisplayID>
	<ServerUTCTime>3/30/2016 1:04:18 PM</ServerUTCTime>
	<ServerUTCUnixTime>1459343058000</ServerUTCUnixTime>
	<ActualTime></ActualTime>
	<Status>On Time</Status>
	<AircraftType>73W</AircraftType>
	<Comments>Calgary</Comments>
	<Tail>243</Tail>
	<RegistrationNumber>CGWJG</RegistrationNumber>
	</Header>
<Header RecordType="H">
	<HostAirportCode>YKF</HostAirportCode>
	<HostAirportCity>Kitchener</HostAirportCity>
	<FlightNumber>556</FlightNumber>
	<FlightDate>20160401</FlightDate>
	<AirlineCode>WJA</AirlineCode>
	<ArrivalOrDeparture>A</ArrivalOrDeparture>
	<ViaAirportCode>YYC</ViaAirportCode>
	<ViaAirportCity>Calgary</ViaAirportCity>
	<LegNumber>1</LegNumber>
	<BaggageCarousel></BaggageCarousel>
	<Gate></Gate>
	<Terminal></Terminal>
	<ScheduleTime>1815</ScheduleTime>
	<EstimatedTime>201604011815</EstimatedTime>
	<Route></Route>
	<CurrentDisplayID>7100781</CurrentDisplayID>
	<ServerUTCTime>3/30/2016 1:04:18 PM</ServerUTCTime>
	<ServerUTCUnixTime>1459343058000</ServerUTCUnixTime>
	<ActualTime></ActualTime>
	<Status>On Time</Status>
	<AircraftType>73W</AircraftType>
	<Comments>Calgary</Comments>
	<Tail>005</Tail>
	<RegistrationNumber>CGLWS</RegistrationNumber>
	</Header>
<Header RecordType="H">
	<HostAirportCode>YKF</HostAirportCode>
	<HostAirportCity>Kitchener</HostAirportCity>
	<FlightNumber>557</FlightNumber>
	<FlightDate>20160401</FlightDate>
	<AirlineCode>WJA</AirlineCode>
	<ArrivalOrDeparture>D</ArrivalOrDeparture>
	<ViaAirportCode>YYC</ViaAirportCode>
	<ViaAirportCity>Calgary</ViaAirportCity>
	<LegNumber>1</LegNumber>
	<BaggageCarousel></BaggageCarousel>
	<Gate></Gate>
	<Terminal></Terminal>
	<ScheduleTime>1855</ScheduleTime>
	<EstimatedTime>201604011855</EstimatedTime>
	<Route></Route>
	<CurrentDisplayID>7101187</CurrentDisplayID>
	<ServerUTCTime>3/30/2016 1:04:18 PM</ServerUTCTime>
	<ServerUTCUnixTime>1459343058000</ServerUTCUnixTime>
	<ActualTime></ActualTime>
	<Status>On Time</Status>
	<AircraftType>73W</AircraftType>
	<Comments>Calgary</Comments>
	<Tail>005</Tail>
	<RegistrationNumber>CGLWS</RegistrationNumber>
	</Header>
</FlightData>
