<?xml version='1.0'?>
<FlightData>
<Header RecordType="H">
	<HostAirportCode>YKF</HostAirportCode>
	<HostAirportCity>Kitchener</HostAirportCity>
	<FlightNumber>3697</FlightNumber>
	<FlightDate>20160425</FlightDate>
	<AirlineCode>AA</AirlineCode>
	<ArrivalOrDeparture>A</ArrivalOrDeparture>
	<ViaAirportCode>MDW</ViaAirportCode>
	<ViaAirportCity>Chicago</ViaAirportCity>
	<LegNumber>1</LegNumber>
	<BaggageCarousel></BaggageCarousel>
	<Gate></Gate>
	<Terminal></Terminal>
	<ScheduleTime>1412</ScheduleTime>
	<EstimatedTime>201604251412</EstimatedTime>
	<Route></Route>
	<CurrentDisplayID>7153286</CurrentDisplayID>
	<ServerUTCTime>4/25/2016 6:07:00 PM</ServerUTCTime>
	<ServerUTCUnixTime>1461607619000</ServerUTCUnixTime>
	<ActualTime></ActualTime>
	<Status>On Time</Status>
	<AircraftType></AircraftType>
	<Comments>Chicago</Comments>
	<Tail></Tail>
	<RegistrationNumber></RegistrationNumber>
	</Header>
<Header RecordType="H">
	<HostAirportCode>YKF</HostAirportCode>
	<HostAirportCity>Kitchener</HostAirportCity>
	<FlightNumber>3278</FlightNumber>
	<FlightDate>20160425</FlightDate>
	<AirlineCode>AA</AirlineCode>
	<ArrivalOrDeparture>D</ArrivalOrDeparture>
	<ViaAirportCode>MDW</ViaAirportCode>
	<ViaAirportCity>Chicago</ViaAirportCity>
	<LegNumber>1</LegNumber>
	<BaggageCarousel></BaggageCarousel>
	<Gate>2</Gate>
	<Terminal></Terminal>
	<ScheduleTime>1500</ScheduleTime>
	<EstimatedTime>201604251500</EstimatedTime>
	<Route></Route>
	<CurrentDisplayID>7153285</CurrentDisplayID>
	<ServerUTCTime>4/25/2016 6:07:00 PM</ServerUTCTime>
	<ServerUTCUnixTime>1461607619000</ServerUTCUnixTime>
	<ActualTime></ActualTime>
	<Status>On Time</Status>
	<AircraftType></AircraftType>
	<Comments>Chicago</Comments>
	<Tail></Tail>
	<RegistrationNumber></RegistrationNumber>
	</Header>
<Header RecordType="H">
	<HostAirportCode>YKF</HostAirportCode>
	<HostAirportCity>Kitchener</HostAirportCity>
	<FlightNumber>556</FlightNumber>
	<FlightDate>20160425</FlightDate>
	<AirlineCode>WJA</AirlineCode>
	<ArrivalOrDeparture>A</ArrivalOrDeparture>
	<ViaAirportCode>YYC</ViaAirportCode>
	<ViaAirportCity>Calgary</ViaAirportCity>
	<LegNumber>1</LegNumber>
	<BaggageCarousel></BaggageCarousel>
	<Gate>1</Gate>
	<Terminal></Terminal>
	<ScheduleTime>1815</ScheduleTime>
	<EstimatedTime>201604251823</EstimatedTime>
	<Route></Route>
	<CurrentDisplayID>7148126</CurrentDisplayID>
	<ServerUTCTime>4/25/2016 6:07:00 PM</ServerUTCTime>
	<ServerUTCUnixTime>1461607619000</ServerUTCUnixTime>
	<ActualTime></ActualTime>
	<Status>Delayed</Status>
	<AircraftType>73W</AircraftType>
	<Comments>Calgary</Comments>
	<Tail>218</Tail>
	<RegistrationNumber>CFWSF</RegistrationNumber>
	</Header>
<Header RecordType="H">
	<HostAirportCode>YKF</HostAirportCode>
	<HostAirportCity>Kitchener</HostAirportCity>
	<FlightNumber>557</FlightNumber>
	<FlightDate>20160425</FlightDate>
	<AirlineCode>WJA</AirlineCode>
	<ArrivalOrDeparture>D</ArrivalOrDeparture>
	<ViaAirportCode>YYC</ViaAirportCode>
	<ViaAirportCity>Calgary</ViaAirportCity>
	<LegNumber>1</LegNumber>
	<BaggageCarousel></BaggageCarousel>
	<Gate>1</Gate>
	<Terminal></Terminal>
	<ScheduleTime>1855</ScheduleTime>
	<EstimatedTime>201604251855</EstimatedTime>
	<Route></Route>
	<CurrentDisplayID>7148509</CurrentDisplayID>
	<ServerUTCTime>4/25/2016 6:07:00 PM</ServerUTCTime>
	<ServerUTCUnixTime>1461607619000</ServerUTCUnixTime>
	<ActualTime></ActualTime>
	<Status>On Time</Status>
	<AircraftType>73W</AircraftType>
	<Comments>Calgary</Comments>
	<Tail>218</Tail>
	<RegistrationNumber>CFWSF</RegistrationNumber>
	</Header>
<Header RecordType="H">
	<HostAirportCode>YKF</HostAirportCode>
	<HostAirportCity>Kitchener</HostAirportCity>
	<FlightNumber>3423</FlightNumber>
	<FlightDate>20160425</FlightDate>
	<AirlineCode>AA</AirlineCode>
	<ArrivalOrDeparture>A</ArrivalOrDeparture>
	<ViaAirportCode>MDW</ViaAirportCode>
	<ViaAirportCity>Chicago</ViaAirportCity>
	<LegNumber>1</LegNumber>
	<BaggageCarousel></BaggageCarousel>
	<Gate></Gate>
	<Terminal></Terminal>
	<ScheduleTime>2124</ScheduleTime>
	<EstimatedTime>201604252124</EstimatedTime>
	<Route></Route>
	<CurrentDisplayID>7153555</CurrentDisplayID>
	<ServerUTCTime>4/25/2016 6:07:00 PM</ServerUTCTime>
	<ServerUTCUnixTime>1461607619000</ServerUTCUnixTime>
	<ActualTime></ActualTime>
	<Status>On Time</Status>
	<AircraftType></AircraftType>
	<Comments>Chicago</Comments>
	<Tail></Tail>
	<RegistrationNumber></RegistrationNumber>
	</Header>
<Header RecordType="H">
	<HostAirportCode>YKF</HostAirportCode>
	<HostAirportCity>Kitchener</HostAirportCity>
	<FlightNumber>3137</FlightNumber>
	<FlightDate>20160426</FlightDate>
	<AirlineCode>AA</AirlineCode>
	<ArrivalOrDeparture>D</ArrivalOrDeparture>
	<ViaAirportCode>ORD</ViaAirportCode>
	<ViaAirportCity>Chicago</ViaAirportCity>
	<LegNumber>1</LegNumber>
	<BaggageCarousel></BaggageCarousel>
	<Gate></Gate>
	<Terminal></Terminal>
	<ScheduleTime>0630</ScheduleTime>
	<EstimatedTime>201604260630</EstimatedTime>
	<Route></Route>
	<CurrentDisplayID>7155079</CurrentDisplayID>
	<ServerUTCTime>4/25/2016 6:07:00 PM</ServerUTCTime>
	<ServerUTCUnixTime>1461607619000</ServerUTCUnixTime>
	<ActualTime></ActualTime>
	<Status>On Time</Status>
	<AircraftType></AircraftType>
	<Comments>Chicago O&apos;Hare</Comments>
	<Tail></Tail>
	<RegistrationNumber></RegistrationNumber>
	</Header>
<Header RecordType="H">
	<HostAirportCode>YKF</HostAirportCode>
	<HostAirportCity>Kitchener</HostAirportCity>
	<FlightNumber>3697</FlightNumber>
	<FlightDate>20160426</FlightDate>
	<AirlineCode>AA</AirlineCode>
	<ArrivalOrDeparture>A</ArrivalOrDeparture>
	<ViaAirportCode>MDW</ViaAirportCode>
	<ViaAirportCity>Chicago</ViaAirportCity>
	<LegNumber>1</LegNumber>
	<BaggageCarousel></BaggageCarousel>
	<Gate></Gate>
	<Terminal></Terminal>
	<ScheduleTime>1412</ScheduleTime>
	<EstimatedTime>201604261412</EstimatedTime>
	<Route></Route>
	<CurrentDisplayID>7155359</CurrentDisplayID>
	<ServerUTCTime>4/25/2016 6:07:00 PM</ServerUTCTime>
	<ServerUTCUnixTime>1461607619000</ServerUTCUnixTime>
	<ActualTime></ActualTime>
	<Status>On Time</Status>
	<AircraftType></AircraftType>
	<Comments>Chicago</Comments>
	<Tail></Tail>
	<RegistrationNumber></RegistrationNumber>
	</Header>
<Header RecordType="H">
	<HostAirportCode>YKF</HostAirportCode>
	<HostAirportCity>Kitchener</HostAirportCity>
	<FlightNumber>3278</FlightNumber>
	<FlightDate>20160426</FlightDate>
	<AirlineCode>AA</AirlineCode>
	<ArrivalOrDeparture>D</ArrivalOrDeparture>
	<ViaAirportCode>MDW</ViaAirportCode>
	<ViaAirportCity>Chicago</ViaAirportCity>
	<LegNumber>1</LegNumber>
	<BaggageCarousel></BaggageCarousel>
	<Gate>2</Gate>
	<Terminal></Terminal>
	<ScheduleTime>1500</ScheduleTime>
	<EstimatedTime>201604261500</EstimatedTime>
	<Route></Route>
	<CurrentDisplayID>7155358</CurrentDisplayID>
	<ServerUTCTime>4/25/2016 6:07:00 PM</ServerUTCTime>
	<ServerUTCUnixTime>1461607619000</ServerUTCUnixTime>
	<ActualTime></ActualTime>
	<Status>On Time</Status>
	<AircraftType></AircraftType>
	<Comments>Chicago</Comments>
	<Tail></Tail>
	<RegistrationNumber></RegistrationNumber>
	</Header>
<Header RecordType="H">
	<HostAirportCode>YKF</HostAirportCode>
	<HostAirportCity>Kitchener</HostAirportCity>
	<FlightNumber>556</FlightNumber>
	<FlightDate>20160427</FlightDate>
	<AirlineCode>WJA</AirlineCode>
	<ArrivalOrDeparture>A</ArrivalOrDeparture>
	<ViaAirportCode>YYC</ViaAirportCode>
	<ViaAirportCity>Calgary</ViaAirportCity>
	<LegNumber>1</LegNumber>
	<BaggageCarousel></BaggageCarousel>
	<Gate></Gate>
	<Terminal></Terminal>
	<ScheduleTime>1815</ScheduleTime>
	<EstimatedTime>201604271815</EstimatedTime>
	<Route></Route>
	<CurrentDisplayID>7152473</CurrentDisplayID>
	<ServerUTCTime>4/25/2016 6:07:00 PM</ServerUTCTime>
	<ServerUTCUnixTime>1461607619000</ServerUTCUnixTime>
	<ActualTime></ActualTime>
	<Status>On Time</Status>
	<AircraftType>73W</AircraftType>
	<Comments>Calgary</Comments>
	<Tail>259</Tail>
	<RegistrationNumber>CGWSQ</RegistrationNumber>
	</Header>
<Header RecordType="H">
	<HostAirportCode>YKF</HostAirportCode>
	<HostAirportCity>Kitchener</HostAirportCity>
	<FlightNumber>557</FlightNumber>
	<FlightDate>20160427</FlightDate>
	<AirlineCode>WJA</AirlineCode>
	<ArrivalOrDeparture>D</ArrivalOrDeparture>
	<ViaAirportCode>YYC</ViaAirportCode>
	<ViaAirportCity>Calgary</ViaAirportCity>
	<LegNumber>1</LegNumber>
	<BaggageCarousel></BaggageCarousel>
	<Gate></Gate>
	<Terminal></Terminal>
	<ScheduleTime>1855</ScheduleTime>
	<EstimatedTime>201604271855</EstimatedTime>
	<Route></Route>
	<CurrentDisplayID>7152856</CurrentDisplayID>
	<ServerUTCTime>4/25/2016 6:07:00 PM</ServerUTCTime>
	<ServerUTCUnixTime>1461607619000</ServerUTCUnixTime>
	<ActualTime></ActualTime>
	<Status>On Time</Status>
	<AircraftType>73W</AircraftType>
	<Comments>Calgary</Comments>
	<Tail>259</Tail>
	<RegistrationNumber>CGWSQ</RegistrationNumber>
	</Header>
<Header RecordType="H">
	<HostAirportCode>YKF</HostAirportCode>
	<HostAirportCity>Kitchener</HostAirportCity>
	<FlightNumber>554</FlightNumber>
	<FlightDate>20160428</FlightDate>
	<AirlineCode>WJA</AirlineCode>
	<ArrivalOrDeparture>A</ArrivalOrDeparture>
	<ViaAirportCode>YYC</ViaAirportCode>
	<ViaAirportCity>Calgary</ViaAirportCity>
	<LegNumber>1</LegNumber>
	<BaggageCarousel></BaggageCarousel>
	<Gate></Gate>
	<Terminal></Terminal>
	<ScheduleTime>0540</ScheduleTime>
	<EstimatedTime>201604280540</EstimatedTime>
	<Route></Route>
	<CurrentDisplayID>7153939</CurrentDisplayID>
	<ServerUTCTime>4/25/2016 6:07:00 PM</ServerUTCTime>
	<ServerUTCUnixTime>1461607619000</ServerUTCUnixTime>
	<ActualTime></ActualTime>
	<Status>On Time</Status>
	<AircraftType>73W</AircraftType>
	<Comments>Calgary</Comments>
	<Tail>006</Tail>
	<RegistrationNumber>CFZWS</RegistrationNumber>
	</Header>
<Header RecordType="H">
	<HostAirportCode>YKF</HostAirportCode>
	<HostAirportCity>Kitchener</HostAirportCity>
	<FlightNumber>1978</FlightNumber>
	<FlightDate>20160428</FlightDate>
	<AirlineCode>WJA</AirlineCode>
	<ArrivalOrDeparture>D</ArrivalOrDeparture>
	<ViaAirportCode>MCO</ViaAirportCode>
	<ViaAirportCity>Orlando</ViaAirportCity>
	<LegNumber>1</LegNumber>
	<BaggageCarousel></BaggageCarousel>
	<Gate></Gate>
	<Terminal></Terminal>
	<ScheduleTime>0945</ScheduleTime>
	<EstimatedTime>201604280945</EstimatedTime>
	<Route></Route>
	<CurrentDisplayID>7154256</CurrentDisplayID>
	<ServerUTCTime>4/25/2016 6:07:00 PM</ServerUTCTime>
	<ServerUTCUnixTime>1461607619000</ServerUTCUnixTime>
	<ActualTime></ActualTime>
	<Status>On Time</Status>
	<AircraftType>73W</AircraftType>
	<Comments>Orlando</Comments>
	<Tail>006</Tail>
	<RegistrationNumber>CFZWS</RegistrationNumber>
	</Header>
<Header RecordType="H">
	<HostAirportCode>YKF</HostAirportCode>
	<HostAirportCity>Kitchener</HostAirportCity>
	<FlightNumber>1277</FlightNumber>
	<FlightDate>20160428</FlightDate>
	<AirlineCode>WJA</AirlineCode>
	<ArrivalOrDeparture>A</ArrivalOrDeparture>
	<ViaAirportCode>MCO</ViaAirportCode>
	<ViaAirportCity>Orlando</ViaAirportCity>
	<LegNumber>1</LegNumber>
	<BaggageCarousel></BaggageCarousel>
	<Gate></Gate>
	<Terminal></Terminal>
	<ScheduleTime>1642</ScheduleTime>
	<EstimatedTime>201604281642</EstimatedTime>
	<Route></Route>
	<CurrentDisplayID>7154562</CurrentDisplayID>
	<ServerUTCTime>4/25/2016 6:07:00 PM</ServerUTCTime>
	<ServerUTCUnixTime>1461607619000</ServerUTCUnixTime>
	<ActualTime></ActualTime>
	<Status>On Time</Status>
	<AircraftType>73W</AircraftType>
	<Comments>Orlando</Comments>
	<Tail>006</Tail>
	<RegistrationNumber>CFZWS</RegistrationNumber>
	</Header>
<Header RecordType="H">
	<HostAirportCode>YKF</HostAirportCode>
	<HostAirportCity>Kitchener</HostAirportCity>
	<FlightNumber>557</FlightNumber>
	<FlightDate>20160428</FlightDate>
	<AirlineCode>WJA</AirlineCode>
	<ArrivalOrDeparture>D</ArrivalOrDeparture>
	<ViaAirportCode>YYC</ViaAirportCode>
	<ViaAirportCity>Calgary</ViaAirportCity>
	<LegNumber>1</LegNumber>
	<BaggageCarousel></BaggageCarousel>
	<Gate></Gate>
	<Terminal></Terminal>
	<ScheduleTime>1855</ScheduleTime>
	<EstimatedTime>201604281855</EstimatedTime>
	<Route></Route>
	<CurrentDisplayID>7154852</CurrentDisplayID>
	<ServerUTCTime>4/25/2016 6:07:00 PM</ServerUTCTime>
	<ServerUTCUnixTime>1461607619000</ServerUTCUnixTime>
	<ActualTime></ActualTime>
	<Status>On Time</Status>
	<AircraftType>73W</AircraftType>
	<Comments>Calgary</Comments>
	<Tail>006</Tail>
	<RegistrationNumber>CFZWS</RegistrationNumber>
	</Header>
</FlightData>
