<?xml version="1.0" encoding="UTF-8"?>
<rss xmlns:cbc="http://www.cbc.ca/rss/cbc" version="2.0">
  <channel>
    <title><![CDATA[CBC | Kitchener-Waterloo News ]]></title>
    <link>http://www.cbc.ca/canada/?cmp=rss</link>
    <description>
      <![CDATA[
      FOR PERSONAL USE ONLY
      ]]>
    </description>
    <language>en-ca</language>
    <lastBuildDate>Mon, 25 Apr 2016 13:40:07 EDT</lastBuildDate>
    <copyright><![CDATA[Copyright: (C) Canadian Broadcasting	Corporation,							http://www.cbc.ca/aboutcbc/discover/termsofuse.html#Rss]]></copyright>
        <docs><![CDATA[http://www.cbc.ca/rss/]]></docs>
    <image>
      <title>CBC.ca</title>
      <url>http://www.cbc.ca/rss/image/cbc_144.gif</url>
      <link>http://www.cbc.ca/news/?cmp=rss</link>
    </image>
    <item cbc:type="story" cbc:deptid="2.632" cbc:syndicate="true">
      <title><![CDATA[Zika case confirmed in Ontario, may be sexually transmitted]]></title>
            <link>http://www.cbc.ca/news/health/zika-1.3551916?cmp=rss</link>
      <guid isPermaLink="false">1.3551916</guid>
      <pubDate>Mon, 25 Apr 2016 13:12:35 EDT</pubDate>
                        <author>CBC News</author>
      							      <category>News/Health</category>
      <description>
        <![CDATA[
                        <img title='FILE - In this Jan. 27, 2016, file photo, an Aedes aegypti mosquito is photographed through a microscope at the Fiocruz institute in Recife, Pernambuco state, Brazil. A new study suggests the worrisome Zika virus apparently has been in Brazil at least a year longer than experts previously thought.  Some experts have speculated the virus first came to the Americas sometime in 2014. But the new study, led by Brazilian researchers, concludes Zika landed in Brazil a year earlier.  (AP Photo/Felipe Dana, File)' height='259' alt='Zika-First Appearance' width='460' src='http://i.cbc.ca/1.3539018.1460779869!/fileImage/httpImage/image.jpg_gen/derivatives/16x9_460/zika-first-appearance.jpg' />                <p>The first positive case of Zika virus thought to be transmitted sexually within Canada occurred in Ontario, provincial and federal health officials say.</p>
        ]]>
      </description>
    </item>
    <item cbc:type="story" cbc:deptid="2.689" cbc:syndicate="true">
      <title><![CDATA[Striking workers enter 3rd week picketing Guelph Family and Children's Services]]></title>
            <link>http://www.cbc.ca/news/canada/kitchener-waterloo/striking-workers-enter-3rd-week-picketing-guelph-family-and-children-s-services-1.3551908?cmp=rss</link>
      <guid isPermaLink="false">1.3551908</guid>
      <pubDate>Mon, 25 Apr 2016 13:40:07 EDT</pubDate>
                        <author>CBC News</author>
      										      <category>News/Canada/Kitchener-Waterloo</category>
      <description>
        <![CDATA[
                        <img title='Members and supporters of the Canadian Union of Public Employees are seen on the picket line in this photo from CUPE Ontario, which was posted on Twitter on April 14.' height='259' alt='CUPE 4325 strike Family and Children’s Services of Guelph and Wellington County' width='460' src='http://i.cbc.ca/1.3551917.1461603147!/fileImage/httpImage/image.jpg_gen/derivatives/16x9_460/cupe-4325-strike-family-and-children-s-services-of-guelph-and-wellington-county.jpg' />                <p>The union says it is concerned the ongoing strike will negatively affect at-risk youth.</p>
        ]]>
      </description>
    </item>
    <item cbc:type="story" cbc:deptid="2.689" cbc:syndicate="true">
      <title><![CDATA[Waterloo's Aeryon Labs uses drones to map area hit by earthquake in Ecuador]]></title>
            <link>http://www.cbc.ca/news/canada/kitchener-waterloo/waterloo-aeryon-map-earthquake-ecuador-1.3551374?cmp=rss</link>
      <guid isPermaLink="false">1.3551374</guid>
      <pubDate>Mon, 25 Apr 2016 09:00:11 EDT</pubDate>
                        <author>CBC News</author>
      										      <category>News/Canada/Kitchener-Waterloo</category>
      <description>
        <![CDATA[
                        <img title='Aerial view of Pedernales, one of Ecuador&#39;s worst-hit towns, taken on April 18, 2016 two days after a 7.8-magnitude quake hit the country.
Rescuers and desperate families clawed through the rubble Monday to pull out survivors of an earthquake that killed at least 413 people and destroyed towns in a tourist area of Ecuador. / AFP / Pablo COZZAGLIO        (Photo credit should read PABLO COZZAGLIO/AFP/Getty Images)' height='259' alt='AFP_9R8M5' width='460' src='http://i.cbc.ca/1.3542021.1461027526!/fileImage/httpImage/image.jpg_gen/derivatives/16x9_460/afp-9r8m5.jpg' />                <p>Aeryon Labs has partnered with the disaster response organization Global Medic to map the areas hardest hit by the earthquake to help focus relief efforts.</p>
        ]]>
      </description>
    </item>
    <item cbc:type="story" cbc:deptid="2.689" cbc:syndicate="true">
      <title><![CDATA[Three-year-old girl seriously injured after horse-drawn buggy flips]]></title>
            <link>http://www.cbc.ca/news/canada/kitchener-waterloo/three-year-old-girl-seriously-injured-after-horse-drawn-buggy-flips-1.3551467?cmp=rss</link>
      <guid isPermaLink="false">1.3551467</guid>
      <pubDate>Mon, 25 Apr 2016 09:36:34 EDT</pubDate>
                        <author>The Canadian Press</author>
      										      <category>News/Canada/Kitchener-Waterloo</category>
      <description>
        <![CDATA[
                        <img title='Old Order Mennonites are close-knit and value community over individualism. This on-going child abuse investigation has been hard on this community.' height='259' alt='Old Order buggy sign' width='460' src='http://i.cbc.ca/1.3452448.1455744854!/fileImage/httpImage/image.jpg_gen/derivatives/16x9_460/old-order-buggy-sign.jpg' />                <p>A three-year-old girl remains in hospital after a buggy flipped near Belmore, Ont., on Sunday afternoon.</p>
        ]]>
      </description>
    </item>
    <item cbc:type="story" cbc:deptid="2.689" cbc:syndicate="true">
      <title><![CDATA[Thieves make off with railway ties in Guelph's east end]]></title>
            <link>http://www.cbc.ca/news/canada/kitchener-waterloo/thieves-make-off-with-railway-ties-in-guelph-s-east-end-1.3551456?cmp=rss</link>
      <guid isPermaLink="false">1.3551456</guid>
      <pubDate>Mon, 25 Apr 2016 09:27:51 EDT</pubDate>
                        <author>CBC News</author>
      										      <category>News/Canada/Kitchener-Waterloo</category>
      <description>
        <![CDATA[
                        <img title='Police responded to the train tracks that cross Watson Road near York Road in Guelph&#39;s east end on Sunday afternoon after receiving reports someone was stealing railway ties.' height='259' alt='York Road Watson Road Guelph railway ties stolen' width='460' src='http://i.cbc.ca/1.3551458.1461590325!/fileImage/httpImage/image.JPG_gen/derivatives/16x9_460/york-road-watson-road-guelph-railway-ties-stolen.JPG' />                <p>Police say someone took three stacks of railway ties worth more than $2,000 on Sunday afternoon.</p>
        ]]>
      </description>
    </item>
    <item cbc:type="story" cbc:deptid="2.646" cbc:syndicate="true">
      <title><![CDATA[Funeral mass to be held in Guelph for slain Hamilton teacher]]></title>
            <link>http://www.cbc.ca/news/canada/hamilton/news/funeral-mass-to-be-held-in-guelph-for-slain-hamilton-teacher-1.3550865?cmp=rss</link>
      <guid isPermaLink="false">1.3550865</guid>
      <pubDate>Mon, 25 Apr 2016 09:28:39 EDT</pubDate>
                        <author>Chris Seto</author>
      													      <category>News/Canada/Hamilton/News</category>
      <description>
        <![CDATA[
                        <img title='Visitation and a funeral mass will be held later this week for Jenna Gazzola, a 34-year-old Hamilton teacher who was found dead in her apartment on April 18, 2016. A man who lived a few doors down from her is facing a first degree murder charge in relation to her death.' height='259' alt='Jenna Gazzola' width='460' src='http://i.cbc.ca/1.3550990.1461527999!/fileImage/httpImage/image.jpg_gen/derivatives/16x9_460/jenna-gazzola.jpg' />                <p>A vigil and funeral mass will be held in Guelph later this week for Jenna Gazzola, killed in her Hamilton apartment April 18.</p>
        ]]>
      </description>
    </item>
    <item cbc:type="story" cbc:deptid="2.689" cbc:syndicate="true">
      <title><![CDATA[Doors to Guelph's Basilica of Our Lady Immaculate damaged in break and enter ]]></title>
            <link>http://www.cbc.ca/news/canada/kitchener-waterloo/doors-to-guelph-s-basilica-of-our-lady-immaculate-damaged-in-break-and-enter-1.3551408?cmp=rss</link>
      <guid isPermaLink="false">1.3551408</guid>
      <pubDate>Mon, 25 Apr 2016 09:26:24 EDT</pubDate>
                        <author>CBC News</author>
      										      <category>News/Canada/Kitchener-Waterloo</category>
      <description>
        <![CDATA[
                        <img title='Police say it appears as though someone tried to break into Basilica of Our Lady Immaculate in Guelph early Sunday morning.' height='259' alt='Basilica of Our Lady Immaculate Guelph' width='460' src='http://i.cbc.ca/1.3551432.1461589370!/fileImage/httpImage/image.JPG_gen/derivatives/16x9_460/basilica-of-our-lady-immaculate-guelph.JPG' />                <p>There was no theft, but police say the front doors to the basilica were damaged early Sunday morning.</p>
        ]]>
      </description>
    </item>
    <item cbc:type="story" cbc:deptid="2.689" cbc:syndicate="false">
      <title><![CDATA[Guelph community energy initiative: real life or fantasy?]]></title>
            <link>http://www.cbc.ca/news/canada/kitchener-waterloo/guelph-community-energy-initiative-needs-public-input-1.3549158?cmp=rss</link>
      <guid isPermaLink="false">1.3549158</guid>
      <pubDate>Sun, 24 Apr 2016 16:55:00 EDT</pubDate>
                        <author>Kate Bueckert</author>
      										      <category>News/Canada/Kitchener-Waterloo</category>
      <description>
        <![CDATA[
                        <img title='Prime Minister Justin Trudeau toured the Polycon Industries auto parts plant in Guelph on Thursday.' height='259' alt='Prime Minister Justin Trudeau Polycon Industries Guelph Magna' width='460' src='http://i.cbc.ca/1.3536163.1460662589!/fileImage/httpImage/image.jpg_gen/derivatives/16x9_460/prime-minister-justin-trudeau-polycon-industries-guelph-magna.jpg' />                <p>Local leaders and environmental advocates seem to agree Guelph's community energy initiative needs to be updated to show where money is being spent and what the city is getting out of it.</p>
        ]]>
      </description>
    </item>
    <item cbc:type="story" cbc:deptid="2.634" cbc:syndicate="true">
      <title><![CDATA[Apple's co-operation with police in Tim Bosma case not unusual]]></title>
            <link>http://www.cbc.ca/news/technology/bosma-apple-iphone-security-1.3548481?cmp=rss</link>
      <guid isPermaLink="false">1.3548481</guid>
      <pubDate>Sun, 24 Apr 2016 05:00:00 EDT</pubDate>
                        <author>CBC News</author>
      							      <category>News/Technology &amp; Science</category>
      <description>
        <![CDATA[
                        <img title='Apple Inc. said it has never worked with the NSA to develop malware programs that give the U.S. spying agency access to personal information on Apple smartphones in a statement released on Tuesday, Dec. 31. ' height='259' alt='hi-apple-logo' width='460' src='http://i.cbc.ca/1.1518708.1388525074!/httpImage/image.jpg_gen/derivatives/16x9_460/hi-apple-logo.jpg' />                <p>Apple's battle with the FBI over access to the iPhone of one of the San Bernardino shooters left some people thinking the company doesn't co-operate with law enforcement, but it does - and always has.</p>
        ]]>
      </description>
    </item>
    <item cbc:type="story" cbc:deptid="2.689" cbc:syndicate="true">
      <title><![CDATA[Ontario music you need to hear: Islands, Jean Daddy and The Burning Hell]]></title>
            <link>http://www.cbc.ca/news/canada/kitchener-waterloo/ontario-releases-april-23-islands-jean-daddy-burning-hell-1.3544708?cmp=rss</link>
      <guid isPermaLink="false">1.3544708</guid>
      <pubDate>Sat, 23 Apr 2016 12:07:00 EDT</pubDate>
                        <author>Amanda Grant</author>
      										      <category>News/Canada/Kitchener-Waterloo</category>
      <description>
        <![CDATA[
                        <img title='The Burning Hell&#39;s new album titled Public Library features a host of literary references, particularly in the song "Give Up." ' height='259' alt='The Burning Hell' width='460' src='http://i.cbc.ca/1.3544933.1461170747!/fileImage/httpImage/image.jpg_gen/derivatives/16x9_460/the-burning-hell.jpg' />                <p>The CBC's Amanda Grant shares her top picks for new releases from Ontario musicians, including songs from Islands, Jean Daddy and The Burning Hell.</p>
        ]]>
      </description>
    </item>
    <item cbc:type="story" cbc:deptid="2.689" cbc:syndicate="true">
      <title><![CDATA[Four easy steps to get your BBQ ready for the summer ]]></title>
            <link>http://www.cbc.ca/news/canada/kitchener-waterloo/four-easy-steps-to-get-your-bbq-ready-for-the-summer-1.3548534?cmp=rss</link>
      <guid isPermaLink="false">1.3548534</guid>
      <pubDate>Sat, 23 Apr 2016 09:00:00 EDT</pubDate>
                        <author>Andrew Coppolino</author>
      										      <category>News/Canada/Kitchener-Waterloo</category>
      <description>
        <![CDATA[
                        <img title='Summer barbecue anyone? Iqaluit on June 21.' height='259' alt='Iqaluit barbecue June 21' width='460' src='http://i.cbc.ca/1.3123125.1434996389!/fileImage/httpImage/image.JPG_gen/derivatives/16x9_460/iqaluit-barbecue-june-21.JPG' />                <p>Regardless of how much or how little you used your barbecue last summer, now is the time to do a spring cleaning for safety and better entertaining. Here are some basic barbecue maintenance and cleaning tips from CBC KW food columnist Andrew Coppolino.</p>
        ]]>
      </description>
    </item>
    <item cbc:type="story" cbc:deptid="2.689" cbc:syndicate="true">
      <title><![CDATA[Transit depot receives $8M from Federation of Canadian Municipalities]]></title>
            <link>http://www.cbc.ca/news/canada/kitchener-waterloo/transit-depot-receives-8m-from-federation-of-canadian-municipalities-1.3548745?cmp=rss</link>
      <guid isPermaLink="false">1.3548745</guid>
      <pubDate>Fri, 22 Apr 2016 13:00:17 EDT</pubDate>
                        <author>CBC News</author>
      										      <category>News/Canada/Kitchener-Waterloo</category>
      <description>
        <![CDATA[
                        <img title='' height='259' alt='transit depot' width='460' src='http://i.cbc.ca/1.3548763.1461343470!/fileImage/httpImage/image.jpg_gen/derivatives/16x9_460/transit-depot.jpg' />                <p>Waterloo region has received $8 million from the federally funded Federation of Canadian Municipalities to expand its transit depot at 250 Strasburg Road in Kitchener.</p>
        ]]>
      </description>
    </item>
    <item cbc:type="story" cbc:deptid="2.689" cbc:syndicate="true">
      <title><![CDATA[85 descendants attending Kitchener-Waterloo Art Gallery's founders dinner]]></title>
            <link>http://www.cbc.ca/news/canada/kitchener-waterloo/85-descendants-attending-kitchener-waterloo-art-gallery-s-founders-dinner-1.3548390?cmp=rss</link>
      <guid isPermaLink="false">1.3548390</guid>
      <pubDate>Sat, 23 Apr 2016 06:00:00 EDT</pubDate>
                        <author>Melanie Ferrier</author>
      										      <category>News/Canada/Kitchener-Waterloo</category>
      <description>
        <![CDATA[
                        <img title='The gallery opens its first exhibit at it&#39;s Benton Street location on Oct. 18, 1968.' height='259' alt='KWAG photo' width='460' src='http://i.cbc.ca/1.3548527.1461338305!/fileImage/httpImage/image.jpg_gen/derivatives/16x9_460/kwag-photo.jpg' />                <p>Three volunteers with the Kitchener Waterloo Art Gallery have become amateur sleuths after tracking down the gallery's 37 founding members and their descendants.</p>
        ]]>
      </description>
    </item>
    <item cbc:type="story" cbc:deptid="2.689" cbc:syndicate="true">
      <title><![CDATA[Andrea's Five Fun Things To Do This Weekend - April 23-24]]></title>
            <link>http://www.cbc.ca/news/canada/kitchener-waterloo/andrea-s-five-fun-things-to-do-this-weekend-april-23-24-1.3546658?cmp=rss</link>
      <guid isPermaLink="false">1.3546658</guid>
      <pubDate>Thu, 21 Apr 2016 14:51:45 EDT</pubDate>
                        <author>Andrea Bellemare</author>
      										      <category>News/Canada/Kitchener-Waterloo</category>
      <description>
        <![CDATA[
                        <img title='' height='259' alt='Earth Day Headline Image' width='460' src='http://i.cbc.ca/1.3541668.1461014293!/fileImage/httpImage/image.jpg_gen/derivatives/16x9_460/earth-day-headline-image.jpg' />                <p>Celebrate Earth Day, tour Guelph historical sites or catch The Rheostatics performing in Waterloo.</p>
        ]]>
      </description>
    </item>
    <item cbc:type="story" cbc:deptid="2.689" cbc:syndicate="true">
      <title><![CDATA[Kitchener receives $175,000 for patio-like permeable parking lot]]></title>
            <link>http://www.cbc.ca/news/canada/kitchener-waterloo/kitchener-permeable-parking-lot-1.3549125?cmp=rss</link>
      <guid isPermaLink="false">1.3549125</guid>
      <pubDate>Fri, 22 Apr 2016 15:42:20 EDT</pubDate>
                        <author>CBC News</author>
      										      <category>News/Canada/Kitchener-Waterloo</category>
      <description>
        <![CDATA[
                        <img title='"This permeable parking lot will help us understand how effective permeable pavers are for managing impacts to our water quality," Kitchener mayor Berry Vrbanovic said in a press release.' height='259' alt='permeable-parking' width='460' src='http://i.cbc.ca/1.3549161.1461351116!/fileImage/httpImage/image.jpg_gen/derivatives/16x9_460/permeable-parking.jpg' />                <p>A new permeable patio-like parking lot in the city of Kitchener is among 11 sustainability projects in cities across Ontario to receive new federal funding dollars, the Federation of Canadian Municipalities announced Friday.</p>
        ]]>
      </description>
    </item>
  </channel>
</rss>
