<?xml version="1.0" encoding="UTF-8"?><AC_LOCATIONS><LOCATION><LOCATION_TYPE_CD>COOL_LOCN</LOCATION_TYPE_CD><LOCATION_TYPE_DESC>Cooling Location</LOCATION_TYPE_DESC><LOCATION_CD>LIBRARY</LOCATION_CD><LOCATION_DESC>Library</LOCATION_DESC><LOCATION_NAME>Agincourt</LOCATION_NAME><ADDRESS>155 Bonis Ave</ADDRESS><PHONE>416-396-8943</PHONE><NOTES/><LAT>43.786126</LAT><LON>-79.291554</LON></LOCATION><LOCATION><LOCATION_TYPE_CD>COOL_LOCN</LOCATION_TYPE_CD><LOCATION_TYPE_DESC>Cooling Location</LOCATION_TYPE_DESC><LOCATION_CD>COMM_CNTR</LOCATION_CD><LOCATION_DESC>Community Centre</LOCATION_DESC><LOCATION_NAME>Agincourt RC</LOCATION_NAME><ADDRESS>31 Glen Watford Dr</ADDRESS><PHONE>416-395-4037</PHONE><NOTES/><LAT>43.788047</LAT><LON>-79.276244</LON></LOCATION><LOCATION><LOCATION_TYPE_CD>COOL_LOCN</LOCATION_TYPE_CD><LOCATION_TYPE_DESC>Cooling Location</LOCATION_TYPE_DESC><LOCATION_CD>LIBRARY</LOCATION_CD><LOCATION_DESC>Library</LOCATION_DESC><LOCATION_NAME>Albert Campbell</LOCATION_NAME><ADDRESS>496 Birchmount Rd</ADDRESS><PHONE>416-396-8890</PHONE><NOTES/><LAT>43.708233</LAT><LON>-79.268637</LON></LOCATION><LOCATION><LOCATION_TYPE_CD>COOL_LOCN</LOCATION_TYPE_CD><LOCATION_TYPE_DESC>Cooling Location</LOCATION_TYPE_DESC><LOCATION_CD>LIBRARY</LOCATION_CD><LOCATION_DESC>Library</LOCATION_DESC><LOCATION_NAME>Albion</LOCATION_NAME><ADDRESS>1515 Albion Rd</ADDRESS><PHONE>416-394-5170</PHONE><NOTES/><LAT>43.739821</LAT><LON>-79.583958</LON></LOCATION><LOCATION><LOCATION_TYPE_CD>COOL_LOCN</LOCATION_TYPE_CD><LOCATION_TYPE_DESC>Cooling Location</LOCATION_TYPE_DESC><LOCATION_CD>LIBRARY</LOCATION_CD><LOCATION_DESC>Library</LOCATION_DESC><LOCATION_NAME>Alderwood</LOCATION_NAME><ADDRESS>2 Orianna Dr</ADDRESS><PHONE>416-394-5310</PHONE><NOTES/><LAT>43.601512</LAT><LON>-79.546536</LON></LOCATION><LOCATION><LOCATION_TYPE_CD>COOL_LOCN</LOCATION_TYPE_CD><LOCATION_TYPE_DESC>Cooling Location</LOCATION_TYPE_DESC><LOCATION_CD>COMM_CNTR</LOCATION_CD><LOCATION_DESC>Community Centre</LOCATION_DESC><LOCATION_NAME>Amesbury CC</LOCATION_NAME><ADDRESS>1507 Lawrence Ave W</ADDRESS><PHONE>416-395-0145</PHONE><NOTES/><LAT>43.706965</LAT><LON>-79.48234</LON></LOCATION><LOCATION><LOCATION_TYPE_CD>COOL_LOCN</LOCATION_TYPE_CD><LOCATION_TYPE_DESC>Cooling Location</LOCATION_TYPE_DESC><LOCATION_CD>LIBRARY</LOCATION_CD><LOCATION_DESC>Library</LOCATION_DESC><LOCATION_NAME>Amesbury Park</LOCATION_NAME><ADDRESS>1565 Lawrence Ave W</ADDRESS><PHONE>416-395-5420</PHONE><NOTES/><LAT>43.706481</LAT><LON>-79.485912</LON></LOCATION><LOCATION><LOCATION_TYPE_CD>COOL_LOCN</LOCATION_TYPE_CD><LOCATION_TYPE_DESC>Cooling Location</LOCATION_TYPE_DESC><LOCATION_CD>COMM_CNTR</LOCATION_CD><LOCATION_DESC>Community Centre</LOCATION_DESC><LOCATION_NAME>Ancaster CC</LOCATION_NAME><ADDRESS>41 Ancaster Rd</ADDRESS><PHONE>416-395-6057</PHONE><NOTES/><LAT>43.73248</LAT><LON>-79.465865</LON></LOCATION><LOCATION><LOCATION_TYPE_CD>COOL_LOCN</LOCATION_TYPE_CD><LOCATION_TYPE_DESC>Cooling Location</LOCATION_TYPE_DESC><LOCATION_CD>COMM_CNTR</LOCATION_CD><LOCATION_DESC>Community Centre</LOCATION_DESC><LOCATION_NAME>Annette CRC</LOCATION_NAME><ADDRESS>333 Annette St</ADDRESS><PHONE>416-392-0736</PHONE><NOTES/><LAT>43.661391</LAT><LON>-79.474422</LON></LOCATION><LOCATION><LOCATION_TYPE_CD>COOL_LOCN</LOCATION_TYPE_CD><LOCATION_TYPE_DESC>Cooling Location</LOCATION_TYPE_DESC><LOCATION_CD>COMM_CNTR</LOCATION_CD><LOCATION_DESC>Community Centre</LOCATION_DESC><LOCATION_NAME>Antibes CC</LOCATION_NAME><ADDRESS>140 Antibes Dr</ADDRESS><PHONE>416-395-0475</PHONE><NOTES/><LAT>43.781149</LAT><LON>-79.446999</LON></LOCATION><LOCATION><LOCATION_TYPE_CD>COOL_LOCN</LOCATION_TYPE_CD><LOCATION_TYPE_DESC>Cooling Location</LOCATION_TYPE_DESC><LOCATION_CD>LIBRARY</LOCATION_CD><LOCATION_DESC>Library</LOCATION_DESC><LOCATION_NAME>Armour Heights </LOCATION_NAME><ADDRESS>2140 Avenue Rd</ADDRESS><PHONE>416-395-5430</PHONE><NOTES/><LAT>43.739596</LAT><LON>-79.421614</LON></LOCATION><LOCATION><LOCATION_TYPE_CD>COOL_LOCN</LOCATION_TYPE_CD><LOCATION_TYPE_DESC>Cooling Location</LOCATION_TYPE_DESC><LOCATION_CD>COMM_CNTR</LOCATION_CD><LOCATION_DESC>Community Centre</LOCATION_DESC><LOCATION_NAME>Armour Heights CC</LOCATION_NAME><ADDRESS>2140 Avenue Rd</ADDRESS><PHONE>416-395-7848</PHONE><NOTES/><LAT>43.739596</LAT><LON>-79.421614</LON></LOCATION><LOCATION><LOCATION_TYPE_CD>COOL_LOCN</LOCATION_TYPE_CD><LOCATION_TYPE_DESC>Cooling Location</LOCATION_TYPE_DESC><LOCATION_CD>COMM_CNTR</LOCATION_CD><LOCATION_DESC>Community Centre</LOCATION_DESC><LOCATION_NAME>Banbury CC</LOCATION_NAME><ADDRESS>120 Banbury Rd</ADDRESS><PHONE>416-395-6101</PHONE><NOTES/><LAT>43.74353</LAT><LON>-79.368533</LON></LOCATION><LOCATION><LOCATION_TYPE_CD>COOL_LOCN</LOCATION_TYPE_CD><LOCATION_TYPE_DESC>Cooling Location</LOCATION_TYPE_DESC><LOCATION_CD>COMM_CNTR</LOCATION_CD><LOCATION_DESC>Community Centre</LOCATION_DESC><LOCATION_NAME>Barbara Frum CC</LOCATION_NAME><ADDRESS>20 Covington Rd</ADDRESS><PHONE>416-395-6122</PHONE><NOTES/><LAT>43.720579</LAT><LON>-79.432102</LON></LOCATION><LOCATION><LOCATION_TYPE_CD>COOL_LOCN</LOCATION_TYPE_CD><LOCATION_TYPE_DESC>Cooling Location</LOCATION_TYPE_DESC><LOCATION_CD>LIBRARY</LOCATION_CD><LOCATION_DESC>Library</LOCATION_DESC><LOCATION_NAME>Bayview (Bayview Village Shopping Centre)</LOCATION_NAME><ADDRESS>2901 Bayview Ave, U-123</ADDRESS><PHONE>416-395-5460</PHONE><NOTES/><LAT>43.76887</LAT><LON>-79.385625</LON></LOCATION><LOCATION><LOCATION_TYPE_CD>COOL_LOCN</LOCATION_TYPE_CD><LOCATION_TYPE_DESC>Cooling Location</LOCATION_TYPE_DESC><LOCATION_CD>LIBRARY</LOCATION_CD><LOCATION_DESC>Library</LOCATION_DESC><LOCATION_NAME>Beaches</LOCATION_NAME><ADDRESS>2161 Queen St E</ADDRESS><PHONE>416-393-7703</PHONE><NOTES/><LAT>43.670433</LAT><LON>-79.298142</LON></LOCATION><LOCATION><LOCATION_TYPE_CD>COOL_LOCN</LOCATION_TYPE_CD><LOCATION_TYPE_DESC>Cooling Location</LOCATION_TYPE_DESC><LOCATION_CD>COMM_CNTR</LOCATION_CD><LOCATION_DESC>Community Centre</LOCATION_DESC><LOCATION_NAME>Beaches RC</LOCATION_NAME><ADDRESS>6 Williamson Rd</ADDRESS><PHONE>416-392-0740</PHONE><NOTES/><LAT>43.673669</LAT><LON>-79.299123</LON></LOCATION><LOCATION><LOCATION_TYPE_CD>COOL_LOCN</LOCATION_TYPE_CD><LOCATION_TYPE_DESC>Cooling Location</LOCATION_TYPE_DESC><LOCATION_CD>COMM_CNTR</LOCATION_CD><LOCATION_DESC>Community Centre</LOCATION_DESC><LOCATION_NAME>Bedford Park CC</LOCATION_NAME><ADDRESS>81 Ranleigh Ave</ADDRESS><PHONE>416-395-7848</PHONE><NOTES/><LAT>43.728084</LAT><LON>-79.400253</LON></LOCATION><LOCATION><LOCATION_TYPE_CD>COOL_LOCN</LOCATION_TYPE_CD><LOCATION_TYPE_DESC>Cooling Location</LOCATION_TYPE_DESC><LOCATION_CD>LIBRARY</LOCATION_CD><LOCATION_DESC>Library</LOCATION_DESC><LOCATION_NAME>Bendale</LOCATION_NAME><ADDRESS>1515 Danforth Rd</ADDRESS><PHONE>416-396-8910</PHONE><NOTES/><LAT>43.751269</LAT><LON>-79.244401</LON></LOCATION><LOCATION><LOCATION_TYPE_CD>COOL_LOCN</LOCATION_TYPE_CD><LOCATION_TYPE_DESC>Cooling Location</LOCATION_TYPE_DESC><LOCATION_CD>COMM_CNTR</LOCATION_CD><LOCATION_DESC>Community Centre</LOCATION_DESC><LOCATION_NAME>Birchmount CC</LOCATION_NAME><ADDRESS>93 Birchmount Rd</ADDRESS><PHONE>416-396-4311</PHONE><NOTES/><LAT>43.694508</LAT><LON>-79.262919</LON></LOCATION><LOCATION><LOCATION_TYPE_CD>COOL_LOCN</LOCATION_TYPE_CD><LOCATION_TYPE_DESC>Cooling Location</LOCATION_TYPE_DESC><LOCATION_CD>COMM_CNTR</LOCATION_CD><LOCATION_DESC>Community Centre</LOCATION_DESC><LOCATION_NAME>Birkdale CC</LOCATION_NAME><ADDRESS>1299 Ellesmere Rd</ADDRESS><PHONE>416-396-4069</PHONE><NOTES/><LAT>43.769277</LAT><LON>-79.264968</LON></LOCATION><LOCATION><LOCATION_TYPE_CD>COOL_LOCN</LOCATION_TYPE_CD><LOCATION_TYPE_DESC>Cooling Location</LOCATION_TYPE_DESC><LOCATION_CD>LIBRARY</LOCATION_CD><LOCATION_DESC>Library</LOCATION_DESC><LOCATION_NAME>Black Creek (North York Sheridan Mall)</LOCATION_NAME><ADDRESS>1700 Wilson Av</ADDRESS><PHONE>416-395-5470</PHONE><NOTES/><LAT>43.721257</LAT><LON>-79.511994</LON></LOCATION><LOCATION><LOCATION_TYPE_CD>COOL_LOCN</LOCATION_TYPE_CD><LOCATION_TYPE_DESC>Cooling Location</LOCATION_TYPE_DESC><LOCATION_CD>LIBRARY</LOCATION_CD><LOCATION_DESC>Library</LOCATION_DESC><LOCATION_NAME>Bloor/Gladstone</LOCATION_NAME><ADDRESS>1101 Bloor St W</ADDRESS><PHONE>416-393-7674</PHONE><NOTES/><LAT>43.659897</LAT><LON>-79.434097</LON></LOCATION><LOCATION><LOCATION_TYPE_CD>COOL_LOCN</LOCATION_TYPE_CD><LOCATION_TYPE_DESC>Cooling Location</LOCATION_TYPE_DESC><LOCATION_CD>LIBRARY</LOCATION_CD><LOCATION_DESC>Library</LOCATION_DESC><LOCATION_NAME>Bridlewood (Bridlewood Mall)</LOCATION_NAME><ADDRESS>2900 Warden Ave</ADDRESS><PHONE>416-396-8960</PHONE><NOTES/><LAT>43.798293</LAT><LON>-79.318355</LON></LOCATION><LOCATION><LOCATION_TYPE_CD>COOL_LOCN</LOCATION_TYPE_CD><LOCATION_TYPE_DESC>Cooling Location</LOCATION_TYPE_DESC><LOCATION_CD>COMM_CNTR</LOCATION_CD><LOCATION_DESC>Community Centre</LOCATION_DESC><LOCATION_NAME>Broadlands CC</LOCATION_NAME><ADDRESS>19 Castlegrove Blvd</ADDRESS><PHONE>416-395-7966</PHONE><NOTES/><LAT>43.746084</LAT><LON>-79.323049</LON></LOCATION><LOCATION><LOCATION_TYPE_CD>COOL_LOCN</LOCATION_TYPE_CD><LOCATION_TYPE_DESC>Cooling Location</LOCATION_TYPE_DESC><LOCATION_CD>LIBRARY</LOCATION_CD><LOCATION_DESC>Library</LOCATION_DESC><LOCATION_NAME>Brookbanks</LOCATION_NAME><ADDRESS>210 Brookbanks Dr</ADDRESS><PHONE>416-395-5480</PHONE><NOTES/><LAT>43.760064</LAT><LON>-79.324701</LON></LOCATION><LOCATION><LOCATION_TYPE_CD>COOL_LOCN</LOCATION_TYPE_CD><LOCATION_TYPE_DESC>Cooling Location</LOCATION_TYPE_DESC><LOCATION_CD>LIBRARY</LOCATION_CD><LOCATION_DESC>Library</LOCATION_DESC><LOCATION_NAME>Burrows Hall</LOCATION_NAME><ADDRESS>1081 Progress Ave</ADDRESS><PHONE>416-396-8740</PHONE><NOTES/><LAT>43.793948</LAT><LON>-79.234225</LON></LOCATION><LOCATION><LOCATION_TYPE_CD>COOL_LOCN</LOCATION_TYPE_CD><LOCATION_TYPE_DESC>Cooling Location</LOCATION_TYPE_DESC><LOCATION_CD>COMM_CNTR</LOCATION_CD><LOCATION_DESC>Community Centre</LOCATION_DESC><LOCATION_NAME>Burrows Hall CC</LOCATION_NAME><ADDRESS>1081 Progress Ave</ADDRESS><PHONE>416-396-4670</PHONE><NOTES/><LAT>43.793948</LAT><LON>-79.234225</LON></LOCATION><LOCATION><LOCATION_TYPE_CD>COOL_LOCN</LOCATION_TYPE_CD><LOCATION_TYPE_DESC>Cooling Location</LOCATION_TYPE_DESC><LOCATION_CD>COMM_CNTR</LOCATION_CD><LOCATION_DESC>Community Centre</LOCATION_DESC><LOCATION_NAME>Carmine Stefano CC</LOCATION_NAME><ADDRESS>3100 Weston Rd</ADDRESS><PHONE>416-395-6127</PHONE><NOTES/><LAT>43.733802</LAT><LON>-79.538269</LON></LOCATION><LOCATION><LOCATION_TYPE_CD>COOL_LOCN</LOCATION_TYPE_CD><LOCATION_TYPE_DESC>Cooling Location</LOCATION_TYPE_DESC><LOCATION_CD>LIBRARY</LOCATION_CD><LOCATION_DESC>Library</LOCATION_DESC><LOCATION_NAME>Cedarbrae</LOCATION_NAME><ADDRESS>545 Markham Rd</ADDRESS><PHONE>416-396-8850</PHONE><NOTES/><LAT>43.757837</LAT><LON>-79.224628</LON></LOCATION><LOCATION><LOCATION_TYPE_CD>COOL_LOCN</LOCATION_TYPE_CD><LOCATION_TYPE_DESC>Cooling Location</LOCATION_TYPE_DESC><LOCATION_CD>COMM_CNTR</LOCATION_CD><LOCATION_DESC>Community Centre</LOCATION_DESC><LOCATION_NAME>Cedarbrook CC</LOCATION_NAME><ADDRESS>91 Eastpark Blvd</ADDRESS><PHONE>416-396-4028</PHONE><NOTES/><LAT>43.75562</LAT><LON>-79.227455</LON></LOCATION><LOCATION><LOCATION_TYPE_CD>COOL_LOCN</LOCATION_TYPE_CD><LOCATION_TYPE_DESC>Cooling Location</LOCATION_TYPE_DESC><LOCATION_CD>LIBRARY</LOCATION_CD><LOCATION_DESC>Library</LOCATION_DESC><LOCATION_NAME>Centennial</LOCATION_NAME><ADDRESS>578 Finch Ave W</ADDRESS><PHONE>416-395-5490</PHONE><NOTES/><LAT>43.773027</LAT><LON>-79.449601</LON></LOCATION><LOCATION><LOCATION_TYPE_CD>COOL_LOCN</LOCATION_TYPE_CD><LOCATION_TYPE_DESC>Cooling Location</LOCATION_TYPE_DESC><LOCATION_CD>COMM_CNTR</LOCATION_CD><LOCATION_DESC>Community Centre</LOCATION_DESC><LOCATION_NAME>Centennial RC</LOCATION_NAME><ADDRESS>1967 Ellesmere Rd</ADDRESS><PHONE>416-396-4057</PHONE><NOTES/><LAT>43.775498</LAT><LON>-79.236204</LON></LOCATION><LOCATION><LOCATION_TYPE_CD>COOL_LOCN</LOCATION_TYPE_CD><LOCATION_TYPE_DESC>Cooling Location</LOCATION_TYPE_DESC><LOCATION_CD>COMM_CNTR</LOCATION_CD><LOCATION_DESC>Community Centre</LOCATION_DESC><LOCATION_NAME>Centennial RC -  Etobicoke/York</LOCATION_NAME><ADDRESS>2694 Eglinton Ave W</ADDRESS><PHONE>416-394-2476</PHONE><NOTES/><LAT>43.689924</LAT><LON>-79.47845</LON></LOCATION><LOCATION><LOCATION_TYPE_CD>COOL_LOCN</LOCATION_TYPE_CD><LOCATION_TYPE_DESC>Cooling Location</LOCATION_TYPE_DESC><LOCATION_CD>COMM_CNTR</LOCATION_CD><LOCATION_DESC>Community Centre</LOCATION_DESC><LOCATION_NAME>Chalkfarm CC</LOCATION_NAME><ADDRESS>180 Chalkfarm Dr</ADDRESS><PHONE>416-395-7802</PHONE><NOTES/><LAT>43.724491</LAT><LON>-79.51215</LON></LOCATION><LOCATION><LOCATION_TYPE_CD>COOL_LOCN</LOCATION_TYPE_CD><LOCATION_TYPE_DESC>Cooling Location</LOCATION_TYPE_DESC><LOCATION_CD>LIBRARY</LOCATION_CD><LOCATION_DESC>Library</LOCATION_DESC><LOCATION_NAME>City Hall (Nathan Phillips Square)</LOCATION_NAME><ADDRESS>100 Queen St W</ADDRESS><PHONE>416-393-7650</PHONE><NOTES/><LAT>43.653423</LAT><LON>-79.384165</LON></LOCATION><LOCATION><LOCATION_TYPE_CD>COOL_LOCN</LOCATION_TYPE_CD><LOCATION_TYPE_DESC>Cooling Location</LOCATION_TYPE_DESC><LOCATION_CD>LIBRARY</LOCATION_CD><LOCATION_DESC>Library</LOCATION_DESC><LOCATION_NAME>Cliffcrest (Cliffcrest Plaza)</LOCATION_NAME><ADDRESS>3017 Kingston Rd</ADDRESS><PHONE>416-396-8916</PHONE><NOTES/><LAT>43.725971</LAT><LON>-79.231322</LON></LOCATION><LOCATION><LOCATION_TYPE_CD>COOL_LOCN</LOCATION_TYPE_CD><LOCATION_TYPE_DESC>Cooling Location</LOCATION_TYPE_DESC><LOCATION_CD>LIBRARY</LOCATION_CD><LOCATION_DESC>Library</LOCATION_DESC><LOCATION_NAME>College/Shaw</LOCATION_NAME><ADDRESS>766 College St</ADDRESS><PHONE>416-393-7668</PHONE><NOTES/><LAT>43.654929</LAT><LON>-79.420209</LON></LOCATION><LOCATION><LOCATION_TYPE_CD>COOL_LOCN</LOCATION_TYPE_CD><LOCATION_TYPE_DESC>Cooling Location</LOCATION_TYPE_DESC><LOCATION_CD>COMM_CNTR</LOCATION_CD><LOCATION_DESC>Community Centre</LOCATION_DESC><LOCATION_NAME>Cummer Park CC</LOCATION_NAME><ADDRESS>6000 Leslie St</ADDRESS><PHONE>416-395-7803</PHONE><NOTES/><LAT>43.800782</LAT><LON>-79.370593</LON></LOCATION><LOCATION><LOCATION_TYPE_CD>COOL_LOCN</LOCATION_TYPE_CD><LOCATION_TYPE_DESC>Cooling Location</LOCATION_TYPE_DESC><LOCATION_CD>COMM_CNTR</LOCATION_CD><LOCATION_DESC>Community Centre</LOCATION_DESC><LOCATION_NAME>Curran Hall CC</LOCATION_NAME><ADDRESS>277 Orton Park Rd</ADDRESS><PHONE>416-396-5156</PHONE><NOTES/><LAT>43.79291</LAT><LON>-79.126003</LON></LOCATION><LOCATION><LOCATION_TYPE_CD>COOL_LOCN</LOCATION_TYPE_CD><LOCATION_TYPE_DESC>Cooling Location</LOCATION_TYPE_DESC><LOCATION_CD>LIBRARY</LOCATION_CD><LOCATION_DESC>Library</LOCATION_DESC><LOCATION_NAME>Danforth/Coxwell</LOCATION_NAME><ADDRESS>1675 Danforth Ave</ADDRESS><PHONE>416-393-7783</PHONE><NOTES/><LAT>43.683895</LAT><LON>-79.321187</LON></LOCATION><LOCATION><LOCATION_TYPE_CD>COOL_LOCN</LOCATION_TYPE_CD><LOCATION_TYPE_DESC>Cooling Location</LOCATION_TYPE_DESC><LOCATION_CD>LIBRARY</LOCATION_CD><LOCATION_DESC>Library</LOCATION_DESC><LOCATION_NAME>Davenport</LOCATION_NAME><ADDRESS>1246 Shaw St</ADDRESS><PHONE>416-393-7732</PHONE><NOTES/><LAT>43.674604</LAT><LON>-79.428379</LON></LOCATION><LOCATION><LOCATION_TYPE_CD>COOL_LOCN</LOCATION_TYPE_CD><LOCATION_TYPE_DESC>Cooling Location</LOCATION_TYPE_DESC><LOCATION_CD>LIBRARY</LOCATION_CD><LOCATION_DESC>Library</LOCATION_DESC><LOCATION_NAME>Dawes Road</LOCATION_NAME><ADDRESS>416 Dawes Rd</ADDRESS><PHONE>416-396-3820</PHONE><NOTES/><LAT>43.701331</LAT><LON>-79.296935</LON></LOCATION><LOCATION><LOCATION_TYPE_CD>COOL_LOCN</LOCATION_TYPE_CD><LOCATION_TYPE_DESC>Cooling Location</LOCATION_TYPE_DESC><LOCATION_CD>LIBRARY</LOCATION_CD><LOCATION_DESC>Library</LOCATION_DESC><LOCATION_NAME>Deer Park</LOCATION_NAME><ADDRESS>40 St. Clair Ave E</ADDRESS><PHONE>416-393-7657</PHONE><NOTES/><LAT>43.688481</LAT><LON>-79.392212</LON></LOCATION><LOCATION><LOCATION_TYPE_CD>COOL_LOCN</LOCATION_TYPE_CD><LOCATION_TYPE_DESC>Cooling Location</LOCATION_TYPE_DESC><LOCATION_CD>COMM_CNTR</LOCATION_CD><LOCATION_DESC>Community Centre</LOCATION_DESC><LOCATION_NAME>Dennis R Timbrell RC</LOCATION_NAME><ADDRESS>29 St. Dennis Dr</ADDRESS><PHONE>416-395-7972</PHONE><NOTES/><LAT>43.718039</LAT><LON>-79.331626</LON></LOCATION><LOCATION><LOCATION_TYPE_CD>COOL_LOCN</LOCATION_TYPE_CD><LOCATION_TYPE_DESC>Cooling Location</LOCATION_TYPE_DESC><LOCATION_CD>COMM_CNTR</LOCATION_CD><LOCATION_DESC>Community Centre</LOCATION_DESC><LOCATION_NAME>Domenico DiLuca CC</LOCATION_NAME><ADDRESS>25 Stanley Rd</ADDRESS><PHONE>416-395-6673</PHONE><NOTES/><LAT>43.742542</LAT><LON>-79.515857</LON></LOCATION><LOCATION><LOCATION_TYPE_CD>COOL_LOCN</LOCATION_TYPE_CD><LOCATION_TYPE_DESC>Cooling Location</LOCATION_TYPE_DESC><LOCATION_CD>COMM_CNTR</LOCATION_CD><LOCATION_DESC>Community Centre</LOCATION_DESC><LOCATION_NAME>Don Montgomery CRC</LOCATION_NAME><ADDRESS>2467 Eglinton Ave E</ADDRESS><PHONE>416-396-4043</PHONE><NOTES/><LAT>43.733414</LAT><LON>-79.262195</LON></LOCATION><LOCATION><LOCATION_TYPE_CD>COOL_LOCN</LOCATION_TYPE_CD><LOCATION_TYPE_DESC>Cooling Location</LOCATION_TYPE_DESC><LOCATION_CD>COMM_CNTR</LOCATION_CD><LOCATION_DESC>Community Centre</LOCATION_DESC><LOCATION_NAME>Douglas Snow Aquatic Centre</LOCATION_NAME><ADDRESS>5100 Yonge St</ADDRESS><PHONE>416-395-7585</PHONE><NOTES/><LAT>43.767328</LAT><LON>-79.414759</LON></LOCATION><LOCATION><LOCATION_TYPE_CD>COOL_LOCN</LOCATION_TYPE_CD><LOCATION_TYPE_DESC>Cooling Location</LOCATION_TYPE_DESC><LOCATION_CD>LIBRARY</LOCATION_CD><LOCATION_DESC>Library</LOCATION_DESC><LOCATION_NAME>Downsview</LOCATION_NAME><ADDRESS>2793 Keele St</ADDRESS><PHONE>416-395-5720</PHONE><NOTES/><LAT>43.729042</LAT><LON>-79.482554</LON></LOCATION><LOCATION><LOCATION_TYPE_CD>COOL_LOCN</LOCATION_TYPE_CD><LOCATION_TYPE_DESC>Cooling Location</LOCATION_TYPE_DESC><LOCATION_CD>COMM_CNTR</LOCATION_CD><LOCATION_DESC>Community Centre</LOCATION_DESC><LOCATION_NAME>Driftwood CC</LOCATION_NAME><ADDRESS>4401 Jane St</ADDRESS><PHONE>416-395-6019</PHONE><NOTES>Alt. Phone: 416-395-7944</NOTES><LAT>43.765349</LAT><LON>-79.518802</LON></LOCATION><LOCATION><LOCATION_TYPE_CD>COOL_LOCN</LOCATION_TYPE_CD><LOCATION_TYPE_DESC>Cooling Location</LOCATION_TYPE_DESC><LOCATION_CD>LIBRARY</LOCATION_CD><LOCATION_DESC>Library</LOCATION_DESC><LOCATION_NAME>Dufferin/St.Clair</LOCATION_NAME><ADDRESS>1625 Dufferin St</ADDRESS><PHONE>416-393-7712</PHONE><NOTES/><LAT>43.67697</LAT><LON>-79.44267</LON></LOCATION><LOCATION><LOCATION_TYPE_CD>COOL_LOCN</LOCATION_TYPE_CD><LOCATION_TYPE_DESC>Cooling Location</LOCATION_TYPE_DESC><LOCATION_CD>COMM_CNTR</LOCATION_CD><LOCATION_DESC>Community Centre</LOCATION_DESC><LOCATION_NAME>Earl Bales CC</LOCATION_NAME><ADDRESS>4169 Bathurst St</ADDRESS><PHONE>416-395-7873</PHONE><NOTES/><LAT>43.753485</LAT><LON>-79.437938</LON></LOCATION><LOCATION><LOCATION_TYPE_CD>COOL_LOCN</LOCATION_TYPE_CD><LOCATION_TYPE_DESC>Cooling Location</LOCATION_TYPE_DESC><LOCATION_CD>COMM_CNTR</LOCATION_CD><LOCATION_DESC>Community Centre</LOCATION_DESC><LOCATION_NAME>East York CC</LOCATION_NAME><ADDRESS>1081 1/2 Pape Ave</ADDRESS><PHONE>416-396-2880</PHONE><NOTES/><LAT>43.678092</LAT><LON>-79.344528</LON></LOCATION><LOCATION><LOCATION_TYPE_CD>COOL_LOCN</LOCATION_TYPE_CD><LOCATION_TYPE_DESC>Cooling Location</LOCATION_TYPE_DESC><LOCATION_CD>LIBRARY</LOCATION_CD><LOCATION_DESC>Library</LOCATION_DESC><LOCATION_NAME>Eatonville</LOCATION_NAME><ADDRESS>430 Burnhamthorpe Rd</ADDRESS><PHONE>416-394-5270</PHONE><NOTES/><LAT>43.646227</LAT><LON>-79.559743</LON></LOCATION><LOCATION><LOCATION_TYPE_CD>COOL_LOCN</LOCATION_TYPE_CD><LOCATION_TYPE_DESC>Cooling Location</LOCATION_TYPE_DESC><LOCATION_CD>COMM_CNTR</LOCATION_CD><LOCATION_DESC>Community Centre</LOCATION_DESC><LOCATION_NAME>Edithvale CC</LOCATION_NAME><ADDRESS>131 Finch Ave W</ADDRESS><PHONE>416-395-6164</PHONE><NOTES/><LAT>43.777195</LAT><LON>-79.427091</LON></LOCATION><LOCATION><LOCATION_TYPE_CD>COOL_LOCN</LOCATION_TYPE_CD><LOCATION_TYPE_DESC>Cooling Location</LOCATION_TYPE_DESC><LOCATION_CD>LIBRARY</LOCATION_CD><LOCATION_DESC>Library</LOCATION_DESC><LOCATION_NAME>Eglinton Square (Eglinton Square Mall)</LOCATION_NAME><ADDRESS>1 Eglinton Sq, Unit 126</ADDRESS><PHONE>416-396-8920</PHONE><NOTES/><LAT>43.723746</LAT><LON>-79.29922</LON></LOCATION><LOCATION><LOCATION_TYPE_CD>COOL_LOCN</LOCATION_TYPE_CD><LOCATION_TYPE_DESC>Cooling Location</LOCATION_TYPE_DESC><LOCATION_CD>COMM_CNTR</LOCATION_CD><LOCATION_DESC>Community Centre</LOCATION_DESC><LOCATION_NAME>Ellesmere CC</LOCATION_NAME><ADDRESS>20 Canadian Rd</ADDRESS><PHONE>416-396-5536</PHONE><NOTES/><LAT>43.759189</LAT><LON>-79.299354</LON></LOCATION><LOCATION><LOCATION_TYPE_CD>COOL_LOCN</LOCATION_TYPE_CD><LOCATION_TYPE_DESC>Cooling Location</LOCATION_TYPE_DESC><LOCATION_CD>COMM_CNTR</LOCATION_CD><LOCATION_DESC>Community Centre</LOCATION_DESC><LOCATION_NAME>Elmbank CC</LOCATION_NAME><ADDRESS>10 Rampart Rd</ADDRESS><PHONE>416-394-8671</PHONE><NOTES/><LAT>43.734123</LAT><LON>-79.589961</LON></LOCATION><LOCATION><LOCATION_TYPE_CD>COOL_LOCN</LOCATION_TYPE_CD><LOCATION_TYPE_DESC>Cooling Location</LOCATION_TYPE_DESC><LOCATION_CD>LIBRARY</LOCATION_CD><LOCATION_DESC>Library</LOCATION_DESC><LOCATION_NAME>Elmbrook Park</LOCATION_NAME><ADDRESS>2 Elmbrook Cres</ADDRESS><PHONE>416-394-5290</PHONE><NOTES/><LAT>43.660122</LAT><LON>-79.583883</LON></LOCATION><LOCATION><LOCATION_TYPE_CD>COOL_LOCN</LOCATION_TYPE_CD><LOCATION_TYPE_DESC>Cooling Location</LOCATION_TYPE_DESC><LOCATION_CD>LIBRARY</LOCATION_CD><LOCATION_DESC>Library</LOCATION_DESC><LOCATION_NAME>Evelyn Gregory</LOCATION_NAME><ADDRESS>120 Trowell Ave</ADDRESS><PHONE>416-394-1006</PHONE><NOTES/><LAT>43.686052</LAT><LON>-79.472244</LON></LOCATION><LOCATION><LOCATION_TYPE_CD>COOL_LOCN</LOCATION_TYPE_CD><LOCATION_TYPE_DESC>Cooling Location</LOCATION_TYPE_DESC><LOCATION_CD>COMM_CNTR</LOCATION_CD><LOCATION_DESC>Community Centre</LOCATION_DESC><LOCATION_NAME>Fairbank Memorial CC</LOCATION_NAME><ADDRESS>2213 Dufferin St</ADDRESS><PHONE>416-394-2473</PHONE><NOTES/><LAT>43.690986</LAT><LON>-79.44827</LON></LOCATION><LOCATION><LOCATION_TYPE_CD>COOL_LOCN</LOCATION_TYPE_CD><LOCATION_TYPE_DESC>Cooling Location</LOCATION_TYPE_DESC><LOCATION_CD>COMM_CNTR</LOCATION_CD><LOCATION_DESC>Community Centre</LOCATION_DESC><LOCATION_NAME>Fairmount CC</LOCATION_NAME><ADDRESS>1757 Gerrard St E</ADDRESS><PHONE>416-392-7060</PHONE><NOTES/><LAT>43.676555</LAT><LON>-79.314723</LON></LOCATION><LOCATION><LOCATION_TYPE_CD>COOL_LOCN</LOCATION_TYPE_CD><LOCATION_TYPE_DESC>Cooling Location</LOCATION_TYPE_DESC><LOCATION_CD>COMM_CNTR</LOCATION_CD><LOCATION_DESC>Community Centre</LOCATION_DESC><LOCATION_NAME>Falstaff CC</LOCATION_NAME><ADDRESS>50 Falstaff Ave</ADDRESS><PHONE>416-395-7924</PHONE><NOTES/><LAT>43.716287</LAT><LON>-79.503255</LON></LOCATION><LOCATION><LOCATION_TYPE_CD>COOL_LOCN</LOCATION_TYPE_CD><LOCATION_TYPE_DESC>Cooling Location</LOCATION_TYPE_DESC><LOCATION_CD>LIBRARY</LOCATION_CD><LOCATION_DESC>Library</LOCATION_DESC><LOCATION_NAME>Flemingdon Park</LOCATION_NAME><ADDRESS>29 St. Dennis Dr</ADDRESS><PHONE>416-395-5820</PHONE><NOTES/><LAT>43.718039</LAT><LON>-79.331626</LON></LOCATION><LOCATION><LOCATION_TYPE_CD>COOL_LOCN</LOCATION_TYPE_CD><LOCATION_TYPE_DESC>Cooling Location</LOCATION_TYPE_DESC><LOCATION_CD>COMM_CNTR</LOCATION_CD><LOCATION_DESC>Community Centre</LOCATION_DESC><LOCATION_NAME>Flemingdon Park CC</LOCATION_NAME><ADDRESS>150 Grenoble Dr</ADDRESS><PHONE>416-395-0300</PHONE><NOTES>Alt. Phone: 416-395-6014</NOTES><LAT>43.713689</LAT><LON>-79.326289</LON></LOCATION><LOCATION><LOCATION_TYPE_CD>COOL_LOCN</LOCATION_TYPE_CD><LOCATION_TYPE_DESC>Cooling Location</LOCATION_TYPE_DESC><LOCATION_CD>LIBRARY</LOCATION_CD><LOCATION_DESC>Library</LOCATION_DESC><LOCATION_NAME>Forest Hill</LOCATION_NAME><ADDRESS>700 Eglinton Ave W</ADDRESS><PHONE>416-393-7706</PHONE><NOTES/><LAT>43.702009</LAT><LON>-79.420842</LON></LOCATION><LOCATION><LOCATION_TYPE_CD>COOL_LOCN</LOCATION_TYPE_CD><LOCATION_TYPE_DESC>Cooling Location</LOCATION_TYPE_DESC><LOCATION_CD>LIBRARY</LOCATION_CD><LOCATION_DESC>Library</LOCATION_DESC><LOCATION_NAME>Gerrard/Ashdale</LOCATION_NAME><ADDRESS>1432 Gerrard St E</ADDRESS><PHONE>416-393-7717</PHONE><NOTES/><LAT>43.672295</LAT><LON>-79.322078</LON></LOCATION><LOCATION><LOCATION_TYPE_CD>COOL_LOCN</LOCATION_TYPE_CD><LOCATION_TYPE_DESC>Cooling Location</LOCATION_TYPE_DESC><LOCATION_CD>COMM_CNTR</LOCATION_CD><LOCATION_DESC>Community Centre</LOCATION_DESC><LOCATION_NAME>Glen Long CC</LOCATION_NAME><ADDRESS>35 Glen Long Ave</ADDRESS><PHONE>416-395-7961</PHONE><NOTES/><LAT>43.708625</LAT><LON>-79.45614</LON></LOCATION><LOCATION><LOCATION_TYPE_CD>COOL_LOCN</LOCATION_TYPE_CD><LOCATION_TYPE_DESC>Cooling Location</LOCATION_TYPE_DESC><LOCATION_CD>LIBRARY</LOCATION_CD><LOCATION_DESC>Library</LOCATION_DESC><LOCATION_NAME>Goldhawk Park</LOCATION_NAME><ADDRESS>295 Alton Towers Cir</ADDRESS><PHONE>416-396-8964</PHONE><NOTES/><LAT>43.822503</LAT><LON>-79.276469</LON></LOCATION><LOCATION><LOCATION_TYPE_CD>COOL_LOCN</LOCATION_TYPE_CD><LOCATION_TYPE_DESC>Cooling Location</LOCATION_TYPE_DESC><LOCATION_CD>COMM_CNTR</LOCATION_CD><LOCATION_DESC>Community Centre</LOCATION_DESC><LOCATION_NAME>Gord &amp; Irene Risk CC</LOCATION_NAME><ADDRESS>2650 Finch Ave W</ADDRESS><PHONE>416-395-7953</PHONE><NOTES/><LAT>43.74732</LAT><LON>-79.566491</LON></LOCATION><LOCATION><LOCATION_TYPE_CD>COOL_LOCN</LOCATION_TYPE_CD><LOCATION_TYPE_DESC>Cooling Location</LOCATION_TYPE_DESC><LOCATION_CD>COMM_CNTR</LOCATION_CD><LOCATION_DESC>Community Centre</LOCATION_DESC><LOCATION_NAME>Goulding CC</LOCATION_NAME><ADDRESS>45 Goulding Ave</ADDRESS><PHONE>416-395-0123</PHONE><NOTES/><LAT>43.791493</LAT><LON>-79.421158</LON></LOCATION><LOCATION><LOCATION_TYPE_CD>COOL_LOCN</LOCATION_TYPE_CD><LOCATION_TYPE_DESC>Cooling Location</LOCATION_TYPE_DESC><LOCATION_CD>COMM_CNTR</LOCATION_CD><LOCATION_DESC>Community Centre</LOCATION_DESC><LOCATION_NAME>Grandravine CC</LOCATION_NAME><ADDRESS>23 Grandravine Dr</ADDRESS><PHONE>416-395-6171</PHONE><NOTES/><LAT>43.75192</LAT><LON>-79.489533</LON></LOCATION><LOCATION><LOCATION_TYPE_CD>COOL_LOCN</LOCATION_TYPE_CD><LOCATION_TYPE_DESC>Cooling Location</LOCATION_TYPE_DESC><LOCATION_CD>LIBRARY</LOCATION_CD><LOCATION_DESC>Library</LOCATION_DESC><LOCATION_NAME>Guildwood (Guildwood Plaza)</LOCATION_NAME><ADDRESS>123 Guildwood Pky</ADDRESS><PHONE>416-396-8872</PHONE><NOTES/><LAT>43.746971</LAT><LON>-79.199147</LON></LOCATION><LOCATION><LOCATION_TYPE_CD>COOL_LOCN</LOCATION_TYPE_CD><LOCATION_TYPE_DESC>Cooling Location</LOCATION_TYPE_DESC><LOCATION_CD>COMM_CNTR</LOCATION_CD><LOCATION_DESC>Community Centre</LOCATION_DESC><LOCATION_NAME>Heron Park CRC</LOCATION_NAME><ADDRESS>292 Manse Rd</ADDRESS><PHONE>416-396-4035</PHONE><NOTES/><LAT>43.768413</LAT><LON>-79.175414</LON></LOCATION><LOCATION><LOCATION_TYPE_CD>COOL_LOCN</LOCATION_TYPE_CD><LOCATION_TYPE_DESC>Cooling Location</LOCATION_TYPE_DESC><LOCATION_CD>LIBRARY</LOCATION_CD><LOCATION_DESC>Library</LOCATION_DESC><LOCATION_NAME>High Park</LOCATION_NAME><ADDRESS>228 Roncesvalles Ave</ADDRESS><PHONE>416-393-7671</PHONE><NOTES/><LAT>43.645124</LAT><LON>-79.448984</LON></LOCATION><LOCATION><LOCATION_TYPE_CD>COOL_LOCN</LOCATION_TYPE_CD><LOCATION_TYPE_DESC>Cooling Location</LOCATION_TYPE_DESC><LOCATION_CD>LIBRARY</LOCATION_CD><LOCATION_DESC>Library</LOCATION_DESC><LOCATION_NAME>Highland Creek</LOCATION_NAME><ADDRESS>3550 Ellesmere Rd</ADDRESS><PHONE>416-396-8876</PHONE><NOTES/><LAT>43.789751</LAT><LON>-79.175023</LON></LOCATION><LOCATION><LOCATION_TYPE_CD>COOL_LOCN</LOCATION_TYPE_CD><LOCATION_TYPE_DESC>Cooling Location</LOCATION_TYPE_DESC><LOCATION_CD>LIBRARY</LOCATION_CD><LOCATION_DESC>Library</LOCATION_DESC><LOCATION_NAME>Hillcrest</LOCATION_NAME><ADDRESS>5801 Leslie St</ADDRESS><PHONE>416-395-5830</PHONE><NOTES/><LAT>43.796601</LAT><LON>-79.369526</LON></LOCATION><LOCATION><LOCATION_TYPE_CD>COOL_LOCN</LOCATION_TYPE_CD><LOCATION_TYPE_DESC>Cooling Location</LOCATION_TYPE_DESC><LOCATION_CD>LIBRARY</LOCATION_CD><LOCATION_DESC>Library</LOCATION_DESC><LOCATION_NAME>Humber Bay</LOCATION_NAME><ADDRESS>200 Park Lawn Rd</ADDRESS><PHONE>416-394-5300</PHONE><NOTES/><LAT>43.630302</LAT><LON>-79.491116</LON></LOCATION><LOCATION><LOCATION_TYPE_CD>COOL_LOCN</LOCATION_TYPE_CD><LOCATION_TYPE_DESC>Cooling Location</LOCATION_TYPE_DESC><LOCATION_CD>LIBRARY</LOCATION_CD><LOCATION_DESC>Library</LOCATION_DESC><LOCATION_NAME>Humber Summit</LOCATION_NAME><ADDRESS>2990 Islington Ave</ADDRESS><PHONE>416-395-5840</PHONE><NOTES/><LAT>43.759351</LAT><LON>-79.57133</LON></LOCATION><LOCATION><LOCATION_TYPE_CD>COOL_LOCN</LOCATION_TYPE_CD><LOCATION_TYPE_DESC>Cooling Location</LOCATION_TYPE_DESC><LOCATION_CD>LIBRARY</LOCATION_CD><LOCATION_DESC>Library</LOCATION_DESC><LOCATION_NAME>Humberwood</LOCATION_NAME><ADDRESS>850 Humberwood Blvd</ADDRESS><PHONE>416-394-5210</PHONE><NOTES/><LAT>43.728735</LAT><LON>-79.61946</LON></LOCATION><LOCATION><LOCATION_TYPE_CD>COOL_LOCN</LOCATION_TYPE_CD><LOCATION_TYPE_DESC>Cooling Location</LOCATION_TYPE_DESC><LOCATION_CD>COMM_CNTR</LOCATION_CD><LOCATION_DESC>Community Centre</LOCATION_DESC><LOCATION_NAME>Humberwood CC</LOCATION_NAME><ADDRESS>850 Humberwood Blvd</ADDRESS><PHONE>416-394-5700</PHONE><NOTES/><LAT>43.728735</LAT><LON>-79.61946</LON></LOCATION><LOCATION><LOCATION_TYPE_CD>COOL_LOCN</LOCATION_TYPE_CD><LOCATION_TYPE_DESC>Cooling Location</LOCATION_TYPE_DESC><LOCATION_CD>COMM_CNTR</LOCATION_CD><LOCATION_DESC>Community Centre</LOCATION_DESC><LOCATION_NAME>Irving W. Chapley CC</LOCATION_NAME><ADDRESS>205 Wilmington Ave</ADDRESS><PHONE>416-395-0453</PHONE><NOTES/><LAT>43.761603</LAT><LON>-79.456022</LON></LOCATION><LOCATION><LOCATION_TYPE_CD>COOL_LOCN</LOCATION_TYPE_CD><LOCATION_TYPE_DESC>Cooling Location</LOCATION_TYPE_DESC><LOCATION_CD>LIBRARY</LOCATION_CD><LOCATION_DESC>Library</LOCATION_DESC><LOCATION_NAME>Jane/Dundas</LOCATION_NAME><ADDRESS>620 Jane St</ADDRESS><PHONE>416-394-1014</PHONE><NOTES/><LAT>43.665314</LAT><LON>-79.491035</LON></LOCATION><LOCATION><LOCATION_TYPE_CD>COOL_LOCN</LOCATION_TYPE_CD><LOCATION_TYPE_DESC>Cooling Location</LOCATION_TYPE_DESC><LOCATION_CD>LIBRARY</LOCATION_CD><LOCATION_DESC>Library</LOCATION_DESC><LOCATION_NAME>Jane/Sheppard</LOCATION_NAME><ADDRESS>1906 Sheppard Ave W</ADDRESS><PHONE>416-395-5966</PHONE><NOTES/><LAT>43.73948</LAT><LON>-79.510787</LON></LOCATION><LOCATION><LOCATION_TYPE_CD>COOL_LOCN</LOCATION_TYPE_CD><LOCATION_TYPE_DESC>Cooling Location</LOCATION_TYPE_DESC><LOCATION_CD>COMM_CNTR</LOCATION_CD><LOCATION_DESC>Community Centre</LOCATION_DESC><LOCATION_NAME>John Innes CRC</LOCATION_NAME><ADDRESS>150 Sherbourne St</ADDRESS><PHONE>416-392-6779</PHONE><NOTES/><LAT>43.655492</LAT><LON>-79.370084</LON></LOCATION><LOCATION><LOCATION_TYPE_CD>COOL_LOCN</LOCATION_TYPE_CD><LOCATION_TYPE_DESC>Cooling Location</LOCATION_TYPE_DESC><LOCATION_CD>LIBRARY</LOCATION_CD><LOCATION_DESC>Library</LOCATION_DESC><LOCATION_NAME>Jones</LOCATION_NAME><ADDRESS>118 Jones Ave</ADDRESS><PHONE>416-393-7715</PHONE><NOTES/><LAT>43.665869</LAT><LON>-79.334174</LON></LOCATION><LOCATION><LOCATION_TYPE_CD>COOL_LOCN</LOCATION_TYPE_CD><LOCATION_TYPE_DESC>Cooling Location</LOCATION_TYPE_DESC><LOCATION_CD>COMM_CNTR</LOCATION_CD><LOCATION_DESC>Community Centre</LOCATION_DESC><LOCATION_NAME>Joseph J. Piccininni CRC</LOCATION_NAME><ADDRESS>1369 St. Clair Ave W</ADDRESS><PHONE>416-392-0036</PHONE><NOTES/><LAT>43.675737</LAT><LON>-79.45224</LON></LOCATION><LOCATION><LOCATION_TYPE_CD>COOL_LOCN</LOCATION_TYPE_CD><LOCATION_TYPE_DESC>Cooling Location</LOCATION_TYPE_DESC><LOCATION_CD>LIBRARY</LOCATION_CD><LOCATION_DESC>Library</LOCATION_DESC><LOCATION_NAME>Kennedy/Eglinton (Liberty Square Shopping Plaza)</LOCATION_NAME><ADDRESS>2380 Eglinton Ave E</ADDRESS><PHONE>416-396-8924</PHONE><NOTES/><LAT>43.73229</LAT><LON>-79.270418</LON></LOCATION><LOCATION><LOCATION_TYPE_CD>COOL_LOCN</LOCATION_TYPE_CD><LOCATION_TYPE_DESC>Cooling Location</LOCATION_TYPE_DESC><LOCATION_CD>COMM_CNTR</LOCATION_CD><LOCATION_DESC>Community Centre</LOCATION_DESC><LOCATION_NAME>L'Amoreaux CRC</LOCATION_NAME><ADDRESS>2000 McNicoll Ave</ADDRESS><PHONE>416-396-4510</PHONE><NOTES/><LAT>43.81204</LAT><LON>-79.30503</LON></LOCATION><LOCATION><LOCATION_TYPE_CD>COOL_LOCN</LOCATION_TYPE_CD><LOCATION_TYPE_DESC>Cooling Location</LOCATION_TYPE_DESC><LOCATION_CD>COMM_CNTR</LOCATION_CD><LOCATION_DESC>Community Centre</LOCATION_DESC><LOCATION_NAME>Lawrence Heights CC</LOCATION_NAME><ADDRESS>5 Replin Rd</ADDRESS><PHONE>416-395-6120</PHONE><NOTES/><LAT>43.718485</LAT><LON>-79.44304</LON></LOCATION><LOCATION><LOCATION_TYPE_CD>COOL_LOCN</LOCATION_TYPE_CD><LOCATION_TYPE_DESC>Cooling Location</LOCATION_TYPE_DESC><LOCATION_CD>LIBRARY</LOCATION_CD><LOCATION_DESC>Library</LOCATION_DESC><LOCATION_NAME>Leaside</LOCATION_NAME><ADDRESS>165 McRae Dr</ADDRESS><PHONE>416-396-3835</PHONE><NOTES/><LAT>43.705752</LAT><LON>-79.36812</LON></LOCATION><LOCATION><LOCATION_TYPE_CD>COOL_LOCN</LOCATION_TYPE_CD><LOCATION_TYPE_DESC>Cooling Location</LOCATION_TYPE_DESC><LOCATION_CD>LIBRARY</LOCATION_CD><LOCATION_DESC>Library</LOCATION_DESC><LOCATION_NAME>Lillian H. Smith</LOCATION_NAME><ADDRESS>239 College St</ADDRESS><PHONE>416-393-7746</PHONE><NOTES/><LAT>43.657976</LAT><LON>-79.398333</LON></LOCATION><LOCATION><LOCATION_TYPE_CD>COOL_LOCN</LOCATION_TYPE_CD><LOCATION_TYPE_DESC>Cooling Location</LOCATION_TYPE_DESC><LOCATION_CD>LIBRARY</LOCATION_CD><LOCATION_DESC>Library</LOCATION_DESC><LOCATION_NAME>Locke</LOCATION_NAME><ADDRESS>3083 Yonge St</ADDRESS><PHONE>416-393-7730</PHONE><NOTES/><LAT>43.724793</LAT><LON>-79.401873</LON></LOCATION><LOCATION><LOCATION_TYPE_CD>COOL_LOCN</LOCATION_TYPE_CD><LOCATION_TYPE_DESC>Cooling Location</LOCATION_TYPE_DESC><LOCATION_CD>LIBRARY</LOCATION_CD><LOCATION_DESC>Library</LOCATION_DESC><LOCATION_NAME>Long Branch</LOCATION_NAME><ADDRESS>3500 Lake Shore Blvd W</ADDRESS><PHONE>416-394-5320</PHONE><NOTES/><LAT>43.595063</LAT><LON>-79.531011</LON></LOCATION><LOCATION><LOCATION_TYPE_CD>COOL_LOCN</LOCATION_TYPE_CD><LOCATION_TYPE_DESC>Cooling Location</LOCATION_TYPE_DESC><LOCATION_CD>LIBRARY</LOCATION_CD><LOCATION_DESC>Library</LOCATION_DESC><LOCATION_NAME>Main Street</LOCATION_NAME><ADDRESS>137 Main St</ADDRESS><PHONE>416-393-7700</PHONE><NOTES/><LAT>43.683348</LAT><LON>-79.299923</LON></LOCATION><LOCATION><LOCATION_TYPE_CD>COOL_LOCN</LOCATION_TYPE_CD><LOCATION_TYPE_DESC>Cooling Location</LOCATION_TYPE_DESC><LOCATION_CD>LIBRARY</LOCATION_CD><LOCATION_DESC>Library</LOCATION_DESC><LOCATION_NAME>Malvern</LOCATION_NAME><ADDRESS>30 Sewells Rd</ADDRESS><PHONE>416-396-8969</PHONE><NOTES/><LAT>43.807898</LAT><LON>-79.216093</LON></LOCATION><LOCATION><LOCATION_TYPE_CD>COOL_LOCN</LOCATION_TYPE_CD><LOCATION_TYPE_DESC>Cooling Location</LOCATION_TYPE_DESC><LOCATION_CD>COMM_CNTR</LOCATION_CD><LOCATION_DESC>Community Centre</LOCATION_DESC><LOCATION_NAME>Malvern CRC</LOCATION_NAME><ADDRESS>30 Sewells Rd</ADDRESS><PHONE>416-396-4054</PHONE><NOTES/><LAT>43.807898</LAT><LON>-79.216093</LON></LOCATION><LOCATION><LOCATION_TYPE_CD>COOL_LOCN</LOCATION_TYPE_CD><LOCATION_TYPE_DESC>Cooling Location</LOCATION_TYPE_DESC><LOCATION_CD>LIBRARY</LOCATION_CD><LOCATION_DESC>Library</LOCATION_DESC><LOCATION_NAME>Maria A. Shchuka</LOCATION_NAME><ADDRESS>1745 Eglinton Ave W</ADDRESS><PHONE>416-394-1000</PHONE><NOTES/><LAT>43.696234</LAT><LON>-79.447669</LON></LOCATION><LOCATION><LOCATION_TYPE_CD>COOL_LOCN</LOCATION_TYPE_CD><LOCATION_TYPE_DESC>Cooling Location</LOCATION_TYPE_DESC><LOCATION_CD>COMM_CNTR</LOCATION_CD><LOCATION_DESC>Community Centre</LOCATION_DESC><LOCATION_NAME>Mary McCormick RC</LOCATION_NAME><ADDRESS>66 Sheridan Ave</ADDRESS><PHONE>416-392-0742</PHONE><NOTES/><LAT>43.647438</LAT><LON>-79.432853</LON></LOCATION><LOCATION><LOCATION_TYPE_CD>COOL_LOCN</LOCATION_TYPE_CD><LOCATION_TYPE_DESC>Cooling Location</LOCATION_TYPE_DESC><LOCATION_CD>LIBRARY</LOCATION_CD><LOCATION_DESC>Library</LOCATION_DESC><LOCATION_NAME>Maryvale (Parkway Plaza)</LOCATION_NAME><ADDRESS>85 Ellesmere Rd, Unit 16</ADDRESS><PHONE>416-396-8931</PHONE><NOTES/><LAT>43.757565</LAT><LON>-79.313253</LON></LOCATION><LOCATION><LOCATION_TYPE_CD>COOL_LOCN</LOCATION_TYPE_CD><LOCATION_TYPE_DESC>Cooling Location</LOCATION_TYPE_DESC><LOCATION_CD>COMM_CNTR</LOCATION_CD><LOCATION_DESC>Community Centre</LOCATION_DESC><LOCATION_NAME>Masaryk-Cowan CRC</LOCATION_NAME><ADDRESS>220 Cowan Ave</ADDRESS><PHONE>416-392-6928</PHONE><NOTES/><LAT>43.777791</LAT><LON>-79.211597</LON></LOCATION><LOCATION><LOCATION_TYPE_CD>COOL_LOCN</LOCATION_TYPE_CD><LOCATION_TYPE_DESC>Cooling Location</LOCATION_TYPE_DESC><LOCATION_CD>LIBRARY</LOCATION_CD><LOCATION_DESC>Library</LOCATION_DESC><LOCATION_NAME>McGregor Park</LOCATION_NAME><ADDRESS>2219 Lawrence Ave E</ADDRESS><PHONE>416-396-8935</PHONE><NOTES/><LAT>43.748653</LAT><LON>-79.277392</LON></LOCATION><LOCATION><LOCATION_TYPE_CD>COOL_LOCN</LOCATION_TYPE_CD><LOCATION_TYPE_DESC>Cooling Location</LOCATION_TYPE_DESC><LOCATION_CD>COMM_CNTR</LOCATION_CD><LOCATION_DESC>Community Centre</LOCATION_DESC><LOCATION_NAME>McGregor Park RC</LOCATION_NAME><ADDRESS>2231 Lawrence Ave E</ADDRESS><PHONE>416-396-4023</PHONE><NOTES/><LAT>43.747491</LAT><LON>-79.280128</LON></LOCATION><LOCATION><LOCATION_TYPE_CD>COOL_LOCN</LOCATION_TYPE_CD><LOCATION_TYPE_DESC>Cooling Location</LOCATION_TYPE_DESC><LOCATION_CD>COMM_CNTR</LOCATION_CD><LOCATION_DESC>Community Centre</LOCATION_DESC><LOCATION_NAME>Milliken Park CRC</LOCATION_NAME><ADDRESS>4325 McCowan Rd</ADDRESS><PHONE>416-396-7757</PHONE><NOTES/><LAT>43.829879</LAT><LON>-79.274265</LON></LOCATION><LOCATION><LOCATION_TYPE_CD>COOL_LOCN</LOCATION_TYPE_CD><LOCATION_TYPE_DESC>Cooling Location</LOCATION_TYPE_DESC><LOCATION_CD>COMM_CNTR</LOCATION_CD><LOCATION_DESC>Community Centre</LOCATION_DESC><LOCATION_NAME>Mitchell Field CC</LOCATION_NAME><ADDRESS>89 Church Ave</ADDRESS><PHONE>416-395-0262</PHONE><NOTES/><LAT>43.774886</LAT><LON>-79.408439</LON></LOCATION><LOCATION><LOCATION_TYPE_CD>COOL_LOCN</LOCATION_TYPE_CD><LOCATION_TYPE_DESC>Cooling Location</LOCATION_TYPE_DESC><LOCATION_CD>LIBRARY</LOCATION_CD><LOCATION_DESC>Library</LOCATION_DESC><LOCATION_NAME>Morningside</LOCATION_NAME><ADDRESS>4279 Lawrence Ave E</ADDRESS><PHONE>416-396-8881</PHONE><NOTES/><LAT>43.768491</LAT><LON>-79.186277</LON></LOCATION><LOCATION><LOCATION_TYPE_CD>COOL_LOCN</LOCATION_TYPE_CD><LOCATION_TYPE_DESC>Cooling Location</LOCATION_TYPE_DESC><LOCATION_CD>LIBRARY</LOCATION_CD><LOCATION_DESC>Library</LOCATION_DESC><LOCATION_NAME>Mount Pleasant</LOCATION_NAME><ADDRESS>599 Mount Pleasant Rd</ADDRESS><PHONE>416-393-7737</PHONE><NOTES/><LAT>43.703859</LAT><LON>-79.388328</LON></LOCATION><LOCATION><LOCATION_TYPE_CD>COOL_LOCN</LOCATION_TYPE_CD><LOCATION_TYPE_DESC>Cooling Location</LOCATION_TYPE_DESC><LOCATION_CD>LIBRARY</LOCATION_CD><LOCATION_DESC>Library</LOCATION_DESC><LOCATION_NAME>New Toronto</LOCATION_NAME><ADDRESS>110 Eleventh St</ADDRESS><PHONE>416-394-5350</PHONE><NOTES/><LAT>43.599659</LAT><LON>-79.509661</LON></LOCATION><LOCATION><LOCATION_TYPE_CD>COOL_LOCN</LOCATION_TYPE_CD><LOCATION_TYPE_DESC>Cooling Location</LOCATION_TYPE_DESC><LOCATION_CD>COMM_CNTR</LOCATION_CD><LOCATION_DESC>Community Centre</LOCATION_DESC><LOCATION_NAME>North Kipling CC</LOCATION_NAME><ADDRESS>2 Rowntree Rd</ADDRESS><PHONE>416-394-8679</PHONE><NOTES/><LAT>43.751207</LAT><LON>-79.584746</LON></LOCATION><LOCATION><LOCATION_TYPE_CD>COOL_LOCN</LOCATION_TYPE_CD><LOCATION_TYPE_DESC>Cooling Location</LOCATION_TYPE_DESC><LOCATION_CD>COMM_CNTR</LOCATION_CD><LOCATION_DESC>Community Centre</LOCATION_DESC><LOCATION_NAME>North Toronto Memorial CC</LOCATION_NAME><ADDRESS>200 Eglinton Ave W</ADDRESS><PHONE>416-392-6591</PHONE><NOTES>Alt. Phone: 416-392-6570</NOTES><LAT>43.706927</LAT><LON>-79.404523</LON></LOCATION><LOCATION><LOCATION_TYPE_CD>COOL_LOCN</LOCATION_TYPE_CD><LOCATION_TYPE_DESC>Cooling Location</LOCATION_TYPE_DESC><LOCATION_CD>LIBRARY</LOCATION_CD><LOCATION_DESC>Library</LOCATION_DESC><LOCATION_NAME>North York Central Library</LOCATION_NAME><ADDRESS>5120 Yonge St</ADDRESS><PHONE>416-395-5535</PHONE><NOTES/><LAT>43.768177</LAT><LON>-79.414555</LON></LOCATION><LOCATION><LOCATION_TYPE_CD>COOL_LOCN</LOCATION_TYPE_CD><LOCATION_TYPE_DESC>Cooling Location</LOCATION_TYPE_DESC><LOCATION_CD>LIBRARY</LOCATION_CD><LOCATION_DESC>Library</LOCATION_DESC><LOCATION_NAME>Northern District</LOCATION_NAME><ADDRESS>40 Orchard View Blvd</ADDRESS><PHONE>416-393-7610</PHONE><NOTES/><LAT>43.708245</LAT><LON>-79.399894</LON></LOCATION><LOCATION><LOCATION_TYPE_CD>COOL_LOCN</LOCATION_TYPE_CD><LOCATION_TYPE_DESC>Cooling Location</LOCATION_TYPE_DESC><LOCATION_CD>LIBRARY</LOCATION_CD><LOCATION_DESC>Library</LOCATION_DESC><LOCATION_NAME>Northern Elms</LOCATION_NAME><ADDRESS>123B Rexdale Blvd, Unit 5</ADDRESS><PHONE>416-394-5230</PHONE><NOTES/><LAT>43.711781</LAT><LON>-79.565456</LON></LOCATION><LOCATION><LOCATION_TYPE_CD>COOL_LOCN</LOCATION_TYPE_CD><LOCATION_TYPE_DESC>Cooling Location</LOCATION_TYPE_DESC><LOCATION_CD>COMM_CNTR</LOCATION_CD><LOCATION_DESC>Community Centre</LOCATION_DESC><LOCATION_NAME>Northwood CC</LOCATION_NAME><ADDRESS>15 Clubhouse Crt</ADDRESS><PHONE>416-395-6033</PHONE><NOTES/><LAT>43.745623</LAT><LON>-79.500402</LON></LOCATION><LOCATION><LOCATION_TYPE_CD>COOL_LOCN</LOCATION_TYPE_CD><LOCATION_TYPE_DESC>Cooling Location</LOCATION_TYPE_DESC><LOCATION_CD>COMM_CNTR</LOCATION_CD><LOCATION_DESC>Community Centre</LOCATION_DESC><LOCATION_NAME>O'Connor CC</LOCATION_NAME><ADDRESS>1386 Victoria Park Ave</ADDRESS><PHONE>416-395-7957</PHONE><NOTES/><LAT>43.718877</LAT><LON>-79.300175</LON></LOCATION><LOCATION><LOCATION_TYPE_CD>COOL_LOCN</LOCATION_TYPE_CD><LOCATION_TYPE_DESC>Cooling Location</LOCATION_TYPE_DESC><LOCATION_CD>COMM_CNTR</LOCATION_CD><LOCATION_DESC>Community Centre</LOCATION_DESC><LOCATION_NAME>Oakdale CC</LOCATION_NAME><ADDRESS>350 Grandravine Dr</ADDRESS><PHONE>416-395-0484</PHONE><NOTES>Alt. Phone: 416-395-0488</NOTES><LAT>43.747146</LAT><LON>-79.514912</LON></LOCATION><LOCATION><LOCATION_TYPE_CD>COOL_LOCN</LOCATION_TYPE_CD><LOCATION_TYPE_DESC>Cooling Location</LOCATION_TYPE_DESC><LOCATION_CD>COMM_CNTR</LOCATION_CD><LOCATION_DESC>Community Centre</LOCATION_DESC><LOCATION_NAME>Oakridge CRC</LOCATION_NAME><ADDRESS>63 Pharmacy Ave</ADDRESS><PHONE>416-338-1966</PHONE><NOTES/><LAT>43.695075</LAT><LON>-79.284521</LON></LOCATION><LOCATION><LOCATION_TYPE_CD>COOL_LOCN</LOCATION_TYPE_CD><LOCATION_TYPE_DESC>Cooling Location</LOCATION_TYPE_DESC><LOCATION_CD>LIBRARY</LOCATION_CD><LOCATION_DESC>Library</LOCATION_DESC><LOCATION_NAME>Oakwood Village Library and Arts Centre</LOCATION_NAME><ADDRESS>341 Oakwood Ave</ADDRESS><PHONE>416-394-1040</PHONE><NOTES/><LAT>43.686522</LAT><LON>-79.438255</LON></LOCATION><LOCATION><LOCATION_TYPE_CD>COOL_LOCN</LOCATION_TYPE_CD><LOCATION_TYPE_DESC>Cooling Location</LOCATION_TYPE_DESC><LOCATION_CD>COMM_CNTR</LOCATION_CD><LOCATION_DESC>Community Centre</LOCATION_DESC><LOCATION_NAME>Oriole CC</LOCATION_NAME><ADDRESS>2975 Don Mills Rd</ADDRESS><PHONE>416-395-7968</PHONE><NOTES>Alt. Phone: 416-395-7969</NOTES><LAT>43.780266</LAT><LON>-79.348717</LON></LOCATION><LOCATION><LOCATION_TYPE_CD>COOL_LOCN</LOCATION_TYPE_CD><LOCATION_TYPE_DESC>Cooling Location</LOCATION_TYPE_DESC><LOCATION_CD>COMM_CNTR</LOCATION_CD><LOCATION_DESC>Community Centre</LOCATION_DESC><LOCATION_NAME>Ourland CC</LOCATION_NAME><ADDRESS>18 Ourland Ave</ADDRESS><PHONE>416-394-8673</PHONE><NOTES/><LAT>43.615545</LAT><LON>-79.50789</LON></LOCATION><LOCATION><LOCATION_TYPE_CD>COOL_LOCN</LOCATION_TYPE_CD><LOCATION_TYPE_DESC>Cooling Location</LOCATION_TYPE_DESC><LOCATION_CD>LIBRARY</LOCATION_CD><LOCATION_DESC>Library</LOCATION_DESC><LOCATION_NAME>Palmerston</LOCATION_NAME><ADDRESS>560 Palmerston Ave</ADDRESS><PHONE>416-393-7680</PHONE><NOTES/><LAT>43.665043</LAT><LON>-79.413809</LON></LOCATION><LOCATION><LOCATION_TYPE_CD>COOL_LOCN</LOCATION_TYPE_CD><LOCATION_TYPE_DESC>Cooling Location</LOCATION_TYPE_DESC><LOCATION_CD>LIBRARY</LOCATION_CD><LOCATION_DESC>Library</LOCATION_DESC><LOCATION_NAME>Pape/Danforth</LOCATION_NAME><ADDRESS>701 Pape Ave</ADDRESS><PHONE>416-393-7727</PHONE><NOTES/><LAT>43.678596</LAT><LON>-79.344501</LON></LOCATION><LOCATION><LOCATION_TYPE_CD>COOL_LOCN</LOCATION_TYPE_CD><LOCATION_TYPE_DESC>Cooling Location</LOCATION_TYPE_DESC><LOCATION_CD>LIBRARY</LOCATION_CD><LOCATION_DESC>Library</LOCATION_DESC><LOCATION_NAME>Parkdale</LOCATION_NAME><ADDRESS>1303 Queen St W</ADDRESS><PHONE>416-393-7686</PHONE><NOTES/><LAT>43.64113</LAT><LON>-79.432558</LON></LOCATION><LOCATION><LOCATION_TYPE_CD>COOL_LOCN</LOCATION_TYPE_CD><LOCATION_TYPE_DESC>Cooling Location</LOCATION_TYPE_DESC><LOCATION_CD>LIBRARY</LOCATION_CD><LOCATION_DESC>Library</LOCATION_DESC><LOCATION_NAME>Parliament</LOCATION_NAME><ADDRESS>269 Gerrard St E</ADDRESS><PHONE>416-393-7663</PHONE><NOTES/><LAT>43.66183</LAT><LON>-79.367981</LON></LOCATION><LOCATION><LOCATION_TYPE_CD>COOL_LOCN</LOCATION_TYPE_CD><LOCATION_TYPE_DESC>Cooling Location</LOCATION_TYPE_DESC><LOCATION_CD>COMM_CNTR</LOCATION_CD><LOCATION_DESC>Community Centre</LOCATION_DESC><LOCATION_NAME>Pelmo Park CC</LOCATION_NAME><ADDRESS>171 Pellatt Ave</ADDRESS><PHONE>416-394-2747</PHONE><NOTES/><LAT>43.714465</LAT><LON>-79.520448</LON></LOCATION><LOCATION><LOCATION_TYPE_CD>COOL_LOCN</LOCATION_TYPE_CD><LOCATION_TYPE_DESC>Cooling Location</LOCATION_TYPE_DESC><LOCATION_CD>LIBRARY</LOCATION_CD><LOCATION_DESC>Library</LOCATION_DESC><LOCATION_NAME>Perth/Dupont</LOCATION_NAME><ADDRESS>1589 Dupont St</ADDRESS><PHONE>416-393-7677</PHONE><NOTES/><LAT>43.665136</LAT><LON>-79.453908</LON></LOCATION><LOCATION><LOCATION_TYPE_CD>COOL_LOCN</LOCATION_TYPE_CD><LOCATION_TYPE_DESC>Cooling Location</LOCATION_TYPE_DESC><LOCATION_CD>LIBRARY</LOCATION_CD><LOCATION_DESC>Library</LOCATION_DESC><LOCATION_NAME>Pleasant View</LOCATION_NAME><ADDRESS>575 Van Horne Ave</ADDRESS><PHONE>416-395-5940</PHONE><NOTES/><LAT>43.787698</LAT><LON>-79.335553</LON></LOCATION><LOCATION><LOCATION_TYPE_CD>COOL_LOCN</LOCATION_TYPE_CD><LOCATION_TYPE_DESC>Cooling Location</LOCATION_TYPE_DESC><LOCATION_CD>COMM_CNTR</LOCATION_CD><LOCATION_DESC>Community Centre</LOCATION_DESC><LOCATION_NAME>Pleasantview CC</LOCATION_NAME><ADDRESS>545 Van Horne Ave</ADDRESS><PHONE>416-395-6006</PHONE><NOTES/><LAT>43.787005</LAT><LON>-79.336964</LON></LOCATION><LOCATION><LOCATION_TYPE_CD>COOL_LOCN</LOCATION_TYPE_CD><LOCATION_TYPE_DESC>Cooling Location</LOCATION_TYPE_DESC><LOCATION_CD>LIBRARY</LOCATION_CD><LOCATION_DESC>Library</LOCATION_DESC><LOCATION_NAME>Port Union</LOCATION_NAME><ADDRESS>5450 Lawrence Ave E</ADDRESS><PHONE>416-396-8885</PHONE><NOTES/><LAT>43.779232</LAT><LON>-79.138625</LON></LOCATION><LOCATION><LOCATION_TYPE_CD>COOL_LOCN</LOCATION_TYPE_CD><LOCATION_TYPE_DESC>Cooling Location</LOCATION_TYPE_DESC><LOCATION_CD>COMM_CNTR</LOCATION_CD><LOCATION_DESC>Community Centre</LOCATION_DESC><LOCATION_NAME>Port Union RC</LOCATION_NAME><ADDRESS>5450 Lawrence Ave E</ADDRESS><PHONE>416-396-4031</PHONE><NOTES/><LAT>43.779232</LAT><LON>-79.138625</LON></LOCATION><LOCATION><LOCATION_TYPE_CD>COOL_LOCN</LOCATION_TYPE_CD><LOCATION_TYPE_DESC>Cooling Location</LOCATION_TYPE_DESC><LOCATION_CD>LIBRARY</LOCATION_CD><LOCATION_DESC>Library</LOCATION_DESC><LOCATION_NAME>Queen/Saulter</LOCATION_NAME><ADDRESS>765 Queen St E</ADDRESS><PHONE>416-393-7723</PHONE><NOTES/><LAT>43.659074</LAT><LON>-79.347532</LON></LOCATION><LOCATION><LOCATION_TYPE_CD>COOL_LOCN</LOCATION_TYPE_CD><LOCATION_TYPE_DESC>Cooling Location</LOCATION_TYPE_DESC><LOCATION_CD>COMM_CNTR</LOCATION_CD><LOCATION_DESC>Community Centre</LOCATION_DESC><LOCATION_NAME>Regent Park Aquatic Centre</LOCATION_NAME><ADDRESS>640 Dundas Ave E</ADDRESS><PHONE>416-338-2237</PHONE><NOTES/><LAT>43.66065</LAT><LON>-79.360562</LON></LOCATION><LOCATION><LOCATION_TYPE_CD>COOL_LOCN</LOCATION_TYPE_CD><LOCATION_TYPE_DESC>Cooling Location</LOCATION_TYPE_DESC><LOCATION_CD>LIBRARY</LOCATION_CD><LOCATION_DESC>Library</LOCATION_DESC><LOCATION_NAME>Rexdale</LOCATION_NAME><ADDRESS>2243 Kipling Ave</ADDRESS><PHONE>416-394-5200</PHONE><NOTES/><LAT>43.725871</LAT><LON>-79.57346</LON></LOCATION><LOCATION><LOCATION_TYPE_CD>COOL_LOCN</LOCATION_TYPE_CD><LOCATION_TYPE_DESC>Cooling Location</LOCATION_TYPE_DESC><LOCATION_CD>LIBRARY</LOCATION_CD><LOCATION_DESC>Library</LOCATION_DESC><LOCATION_NAME>Richview</LOCATION_NAME><ADDRESS>1806 Islington Ave</ADDRESS><PHONE>416-394-5120</PHONE><NOTES/><LAT>43.683608</LAT><LON>-79.540796</LON></LOCATION><LOCATION><LOCATION_TYPE_CD>COOL_LOCN</LOCATION_TYPE_CD><LOCATION_TYPE_DESC>Cooling Location</LOCATION_TYPE_DESC><LOCATION_CD>LIBRARY</LOCATION_CD><LOCATION_DESC>Library</LOCATION_DESC><LOCATION_NAME>Riverdale</LOCATION_NAME><ADDRESS>370 Broadview Ave</ADDRESS><PHONE>416-393-7720</PHONE><NOTES/><LAT>43.666129</LAT><LON>-79.352902</LON></LOCATION><LOCATION><LOCATION_TYPE_CD>COOL_LOCN</LOCATION_TYPE_CD><LOCATION_TYPE_DESC>Cooling Location</LOCATION_TYPE_DESC><LOCATION_CD>COMM_CNTR</LOCATION_CD><LOCATION_DESC>Community Centre</LOCATION_DESC><LOCATION_NAME>Roding CC</LOCATION_NAME><ADDRESS>600 Roding St</ADDRESS><PHONE>416-395-7964</PHONE><NOTES/><LAT>43.729073</LAT><LON>-79.492049</LON></LOCATION><LOCATION><LOCATION_TYPE_CD>COOL_LOCN</LOCATION_TYPE_CD><LOCATION_TYPE_DESC>Cooling Location</LOCATION_TYPE_DESC><LOCATION_CD>LIBRARY</LOCATION_CD><LOCATION_DESC>Library</LOCATION_DESC><LOCATION_NAME>Runnymede</LOCATION_NAME><ADDRESS>2178 Bloor St W</ADDRESS><PHONE>416-393-7697</PHONE><NOTES/><LAT>43.651975</LAT><LON>-79.473923</LON></LOCATION><LOCATION><LOCATION_TYPE_CD>COOL_LOCN</LOCATION_TYPE_CD><LOCATION_TYPE_DESC>Cooling Location</LOCATION_TYPE_DESC><LOCATION_CD>LIBRARY</LOCATION_CD><LOCATION_DESC>Library</LOCATION_DESC><LOCATION_NAME>S.Walter Stewart</LOCATION_NAME><ADDRESS>170 Memorial Park Ave</ADDRESS><PHONE>416-396-3975</PHONE><NOTES/><LAT>43.692138</LAT><LON>-79.329711</LON></LOCATION><LOCATION><LOCATION_TYPE_CD>COOL_LOCN</LOCATION_TYPE_CD><LOCATION_TYPE_DESC>Cooling Location</LOCATION_TYPE_DESC><LOCATION_CD>LIBRARY</LOCATION_CD><LOCATION_DESC>Library</LOCATION_DESC><LOCATION_NAME>Sanderson</LOCATION_NAME><ADDRESS>327 Bathurst St</ADDRESS><PHONE>416-393-7653</PHONE><NOTES/><LAT>43.651184</LAT><LON>-79.405548</LON></LOCATION><LOCATION><LOCATION_TYPE_CD>COOL_LOCN</LOCATION_TYPE_CD><LOCATION_TYPE_DESC>Cooling Location</LOCATION_TYPE_DESC><LOCATION_CD>COMM_CNTR</LOCATION_CD><LOCATION_DESC>Community Centre</LOCATION_DESC><LOCATION_NAME>Scadding Court CC</LOCATION_NAME><ADDRESS>707 Dundas St W</ADDRESS><PHONE>416-392-0335</PHONE><NOTES/><LAT>43.651424</LAT><LON>-79.404121</LON></LOCATION><LOCATION><LOCATION_TYPE_CD>COOL_LOCN</LOCATION_TYPE_CD><LOCATION_TYPE_DESC>Cooling Location</LOCATION_TYPE_DESC><LOCATION_CD>COMM_CNTR</LOCATION_CD><LOCATION_DESC>Community Centre</LOCATION_DESC><LOCATION_NAME>Scarborough Village RC</LOCATION_NAME><ADDRESS>3600 Kingston Rd</ADDRESS><PHONE>416-396-4048</PHONE><NOTES/><LAT>43.740143</LAT><LON>-79.216822</LON></LOCATION><LOCATION><LOCATION_TYPE_CD>COOL_LOCN</LOCATION_TYPE_CD><LOCATION_TYPE_DESC>Cooling Location</LOCATION_TYPE_DESC><LOCATION_CD>COMM_CNTR</LOCATION_CD><LOCATION_DESC>Community Centre</LOCATION_DESC><LOCATION_NAME>Seneca Village RC</LOCATION_NAME><ADDRESS>1700 Finch Ave E</ADDRESS><PHONE>416-395-6011</PHONE><NOTES/><LAT>43.793654</LAT><LON>-79.350547</LON></LOCATION><LOCATION><LOCATION_TYPE_CD>COOL_LOCN</LOCATION_TYPE_CD><LOCATION_TYPE_DESC>Cooling Location</LOCATION_TYPE_DESC><LOCATION_CD>LIBRARY</LOCATION_CD><LOCATION_DESC>Library</LOCATION_DESC><LOCATION_NAME>Spadina Road</LOCATION_NAME><ADDRESS>10 Spadina Rd</ADDRESS><PHONE>416-393-7666</PHONE><NOTES/><LAT>43.667685</LAT><LON>-79.404261</LON></LOCATION><LOCATION><LOCATION_TYPE_CD>COOL_LOCN</LOCATION_TYPE_CD><LOCATION_TYPE_DESC>Cooling Location</LOCATION_TYPE_DESC><LOCATION_CD>LIBRARY</LOCATION_CD><LOCATION_DESC>Library</LOCATION_DESC><LOCATION_NAME>St. James Town</LOCATION_NAME><ADDRESS>495 Sherbourne St</ADDRESS><PHONE>416-393-7744</PHONE><NOTES/><LAT>43.667744</LAT><LON>-79.374933</LON></LOCATION><LOCATION><LOCATION_TYPE_CD>COOL_LOCN</LOCATION_TYPE_CD><LOCATION_TYPE_DESC>Cooling Location</LOCATION_TYPE_DESC><LOCATION_CD>LIBRARY</LOCATION_CD><LOCATION_DESC>Library</LOCATION_DESC><LOCATION_NAME>St. Lawrence</LOCATION_NAME><ADDRESS>171 Front St E</ADDRESS><PHONE>416-393-7655</PHONE><NOTES/><LAT>43.650283</LAT><LON>-79.368255</LON></LOCATION><LOCATION><LOCATION_TYPE_CD>COOL_LOCN</LOCATION_TYPE_CD><LOCATION_TYPE_DESC>Cooling Location</LOCATION_TYPE_DESC><LOCATION_CD>COMM_CNTR</LOCATION_CD><LOCATION_DESC>Community Centre</LOCATION_DESC><LOCATION_NAME>St. Lawrence CRC</LOCATION_NAME><ADDRESS>230 The Esplanade</ADDRESS><PHONE>416-392-1347</PHONE><NOTES/><LAT>43.649619</LAT><LON>-79.364923</LON></LOCATION><LOCATION><LOCATION_TYPE_CD>COOL_LOCN</LOCATION_TYPE_CD><LOCATION_TYPE_DESC>Cooling Location</LOCATION_TYPE_DESC><LOCATION_CD>LIBRARY</LOCATION_CD><LOCATION_DESC>Library</LOCATION_DESC><LOCATION_NAME>St.Clair/Silverthorn</LOCATION_NAME><ADDRESS>1748 St. Clair Ave W</ADDRESS><PHONE>416-393-7709</PHONE><NOTES/><LAT>43.674157</LAT><LON>-79.460582</LON></LOCATION><LOCATION><LOCATION_TYPE_CD>COOL_LOCN</LOCATION_TYPE_CD><LOCATION_TYPE_DESC>Cooling Location</LOCATION_TYPE_DESC><LOCATION_CD>COMM_CNTR</LOCATION_CD><LOCATION_DESC>Community Centre</LOCATION_DESC><LOCATION_NAME>Stan Wadlow Clubhouse </LOCATION_NAME><ADDRESS>373 Cedarvale Ave</ADDRESS><PHONE>416-396-2842</PHONE><NOTES/><LAT>43.698166</LAT><LON>-79.315131</LON></LOCATION><LOCATION><LOCATION_TYPE_CD>COOL_LOCN</LOCATION_TYPE_CD><LOCATION_TYPE_DESC>Cooling Location</LOCATION_TYPE_DESC><LOCATION_CD>LIBRARY</LOCATION_CD><LOCATION_DESC>Library</LOCATION_DESC><LOCATION_NAME>Steeles (Bamburgh Gardens Plaza)</LOCATION_NAME><ADDRESS>375 Bamburgh Cir, U-C107</ADDRESS><PHONE>416-396-8975</PHONE><NOTES/><LAT>43.816085</LAT><LON>-79.322501</LON></LOCATION><LOCATION><LOCATION_TYPE_CD>COOL_LOCN</LOCATION_TYPE_CD><LOCATION_TYPE_DESC>Cooling Location</LOCATION_TYPE_DESC><LOCATION_CD>COMM_CNTR</LOCATION_CD><LOCATION_DESC>Community Centre</LOCATION_DESC><LOCATION_NAME>Stephen Leacock RC</LOCATION_NAME><ADDRESS>2500 Birchmount Rd</ADDRESS><PHONE>416-396-4039</PHONE><NOTES/><LAT>43.786649</LAT><LON>-79.302492</LON></LOCATION><LOCATION><LOCATION_TYPE_CD>COOL_LOCN</LOCATION_TYPE_CD><LOCATION_TYPE_DESC>Cooling Location</LOCATION_TYPE_DESC><LOCATION_CD>LIBRARY</LOCATION_CD><LOCATION_DESC>Library</LOCATION_DESC><LOCATION_NAME>Swansea Memorial</LOCATION_NAME><ADDRESS>95 Lavinia Ave</ADDRESS><PHONE>416-393-7695</PHONE><NOTES/><LAT>43.647632</LAT><LON>-79.477978</LON></LOCATION><LOCATION><LOCATION_TYPE_CD>COOL_LOCN</LOCATION_TYPE_CD><LOCATION_TYPE_DESC>Cooling Location</LOCATION_TYPE_DESC><LOCATION_CD>LIBRARY</LOCATION_CD><LOCATION_DESC>Library</LOCATION_DESC><LOCATION_NAME>Taylor Memorial</LOCATION_NAME><ADDRESS>1440 Kingston Rd</ADDRESS><PHONE>416-396-8939</PHONE><NOTES/><LAT>43.687755</LAT><LON>-79.27096</LON></LOCATION><LOCATION><LOCATION_TYPE_CD>COOL_LOCN</LOCATION_TYPE_CD><LOCATION_TYPE_DESC>Cooling Location</LOCATION_TYPE_DESC><LOCATION_CD>COMM_CNTR</LOCATION_CD><LOCATION_DESC>Community Centre</LOCATION_DESC><LOCATION_NAME>Thistletown CC</LOCATION_NAME><ADDRESS>925 Albion Rd</ADDRESS><PHONE>416-394-8717</PHONE><NOTES/><LAT>43.73536</LAT><LON>-79.562366</LON></LOCATION><LOCATION><LOCATION_TYPE_CD>COOL_LOCN</LOCATION_TYPE_CD><LOCATION_TYPE_DESC>Cooling Location</LOCATION_TYPE_DESC><LOCATION_CD>LIBRARY</LOCATION_CD><LOCATION_DESC>Library</LOCATION_DESC><LOCATION_NAME>Thorncliffe</LOCATION_NAME><ADDRESS>48 Thorncliffe Park Dr</ADDRESS><PHONE>416-396-3685</PHONE><NOTES/><LAT>43.702901</LAT><LON>-79.34258</LON></LOCATION><LOCATION><LOCATION_TYPE_CD>COOL_LOCN</LOCATION_TYPE_CD><LOCATION_TYPE_DESC>Cooling Location</LOCATION_TYPE_DESC><LOCATION_CD>LIBRARY</LOCATION_CD><LOCATION_DESC>Library</LOCATION_DESC><LOCATION_NAME>Todmorden Room</LOCATION_NAME><ADDRESS>1081 1/2 Pape Ave</ADDRESS><PHONE>416-396-3875</PHONE><NOTES/><LAT>43.678092</LAT><LON>-79.344528</LON></LOCATION><LOCATION><LOCATION_TYPE_CD>COOL_LOCN</LOCATION_TYPE_CD><LOCATION_TYPE_DESC>Cooling Location</LOCATION_TYPE_DESC><LOCATION_CD>LIBRARY</LOCATION_CD><LOCATION_DESC>Library</LOCATION_DESC><LOCATION_NAME>Toronto Reference Library</LOCATION_NAME><ADDRESS>789 Yonge St</ADDRESS><PHONE>416-395-5577</PHONE><NOTES/><LAT>43.671791</LAT><LON>-79.386815</LON></LOCATION><LOCATION><LOCATION_TYPE_CD>COOL_LOCN</LOCATION_TYPE_CD><LOCATION_TYPE_DESC>Cooling Location</LOCATION_TYPE_DESC><LOCATION_CD>COMM_CNTR</LOCATION_CD><LOCATION_DESC>Community Centre</LOCATION_DESC><LOCATION_NAME>Trace Manes Centennial Bldg</LOCATION_NAME><ADDRESS>110 Rumsey Rd</ADDRESS><PHONE>416-396-2853</PHONE><NOTES/><LAT>43.70555</LAT><LON>-79.36731</LON></LOCATION><LOCATION><LOCATION_TYPE_CD>COOL_LOCN</LOCATION_TYPE_CD><LOCATION_TYPE_DESC>Cooling Location</LOCATION_TYPE_DESC><LOCATION_CD>LIBRARY</LOCATION_CD><LOCATION_DESC>Library</LOCATION_DESC><LOCATION_NAME>Urban Affairs (Metro Hall)</LOCATION_NAME><ADDRESS>55 John St</ADDRESS><PHONE>416-397-7241</PHONE><NOTES/><LAT>43.646029</LAT><LON>-79.389133</LON></LOCATION><LOCATION><LOCATION_TYPE_CD>COOL_LOCN</LOCATION_TYPE_CD><LOCATION_TYPE_DESC>Cooling Location</LOCATION_TYPE_DESC><LOCATION_CD>LIBRARY</LOCATION_CD><LOCATION_DESC>Library</LOCATION_DESC><LOCATION_NAME>Victoria Village</LOCATION_NAME><ADDRESS>184 Sloane Ave</ADDRESS><PHONE>416-395-5950</PHONE><NOTES/><LAT>43.736279</LAT><LON>-79.312599</LON></LOCATION><LOCATION><LOCATION_TYPE_CD>COOL_LOCN</LOCATION_TYPE_CD><LOCATION_TYPE_DESC>Cooling Location</LOCATION_TYPE_DESC><LOCATION_CD>COMM_CNTR</LOCATION_CD><LOCATION_DESC>Community Centre</LOCATION_DESC><LOCATION_NAME>Viewmount CC</LOCATION_NAME><ADDRESS>169 Viewmount Ave</ADDRESS><PHONE>416-395-7961</PHONE><NOTES/><LAT>43.708326</LAT><LON>-79.437681</LON></LOCATION><LOCATION><LOCATION_TYPE_CD>COOL_LOCN</LOCATION_TYPE_CD><LOCATION_TYPE_DESC>Cooling Location</LOCATION_TYPE_DESC><LOCATION_CD>COMM_CNTR</LOCATION_CD><LOCATION_DESC>Community Centre</LOCATION_DESC><LOCATION_NAME>Wallace Emerson CC</LOCATION_NAME><ADDRESS>1260 Dufferin St</ADDRESS><PHONE>416-392-0039</PHONE><NOTES/><LAT>43.667344</LAT><LON>-79.439532</LON></LOCATION><LOCATION><LOCATION_TYPE_CD>COOL_LOCN</LOCATION_TYPE_CD><LOCATION_TYPE_DESC>Cooling Location</LOCATION_TYPE_DESC><LOCATION_CD>COMM_CNTR</LOCATION_CD><LOCATION_DESC>Community Centre</LOCATION_DESC><LOCATION_NAME>Warden Hilltop Community Centre</LOCATION_NAME><ADDRESS>25 Mendelssohn St</ADDRESS><PHONE>416-392-7640</PHONE><NOTES/><LAT>43.71467</LAT><LON>-79.280621</LON></LOCATION><LOCATION><LOCATION_TYPE_CD>COOL_LOCN</LOCATION_TYPE_CD><LOCATION_TYPE_DESC>Cooling Location</LOCATION_TYPE_DESC><LOCATION_CD>COMM_CNTR</LOCATION_CD><LOCATION_DESC>Community Centre</LOCATION_DESC><LOCATION_NAME>Wellesley CC</LOCATION_NAME><ADDRESS>495 Sherbourne St</ADDRESS><PHONE>416-392-0227</PHONE><NOTES/><LAT>43.667744</LAT><LON>-79.374933</LON></LOCATION><LOCATION><LOCATION_TYPE_CD>COOL_LOCN</LOCATION_TYPE_CD><LOCATION_TYPE_DESC>Cooling Location</LOCATION_TYPE_DESC><LOCATION_CD>COMM_CNTR</LOCATION_CD><LOCATION_DESC>Community Centre</LOCATION_DESC><LOCATION_NAME>West Rouge CC</LOCATION_NAME><ADDRESS>270 Rouge Hills Dr</ADDRESS><PHONE>416-396-4147</PHONE><NOTES/><LAT>43.79291</LAT><LON>-79.126003</LON></LOCATION><LOCATION><LOCATION_TYPE_CD>COOL_LOCN</LOCATION_TYPE_CD><LOCATION_TYPE_DESC>Cooling Location</LOCATION_TYPE_DESC><LOCATION_CD>LIBRARY</LOCATION_CD><LOCATION_DESC>Library</LOCATION_DESC><LOCATION_NAME>Weston</LOCATION_NAME><ADDRESS>2 King St</ADDRESS><PHONE>416-394-1016</PHONE><NOTES/><LAT>43.701691</LAT><LON>-79.520738</LON></LOCATION><LOCATION><LOCATION_TYPE_CD>COOL_LOCN</LOCATION_TYPE_CD><LOCATION_TYPE_DESC>Cooling Location</LOCATION_TYPE_DESC><LOCATION_CD>LIBRARY</LOCATION_CD><LOCATION_DESC>Library</LOCATION_DESC><LOCATION_NAME>Woodside Square (Woodside Square Mall)</LOCATION_NAME><ADDRESS>1571 Sandhurst Cir</ADDRESS><PHONE>416-396-8979</PHONE><NOTES/><LAT>43.808893</LAT><LON>-79.269855</LON></LOCATION><LOCATION><LOCATION_TYPE_CD>COOL_LOCN</LOCATION_TYPE_CD><LOCATION_TYPE_DESC>Cooling Location</LOCATION_TYPE_DESC><LOCATION_CD>LIBRARY</LOCATION_CD><LOCATION_DESC>Library</LOCATION_DESC><LOCATION_NAME>Woodview Park</LOCATION_NAME><ADDRESS>16 Bradstock Rd</ADDRESS><PHONE>416-395-5960</PHONE><NOTES/><LAT>43.739236</LAT><LON>-79.538328</LON></LOCATION><LOCATION><LOCATION_TYPE_CD>COOL_LOCN</LOCATION_TYPE_CD><LOCATION_TYPE_DESC>Cooling Location</LOCATION_TYPE_DESC><LOCATION_CD>LIBRARY</LOCATION_CD><LOCATION_DESC>Library</LOCATION_DESC><LOCATION_NAME>Wychwood</LOCATION_NAME><ADDRESS>1431 Bathurst St</ADDRESS><PHONE>416-393-7683</PHONE><NOTES/><LAT>43.681952</LAT><LON>-79.417816</LON></LOCATION><LOCATION><LOCATION_TYPE_CD>COOL_LOCN</LOCATION_TYPE_CD><LOCATION_TYPE_DESC>Cooling Location</LOCATION_TYPE_DESC><LOCATION_CD>LIBRARY</LOCATION_CD><LOCATION_DESC>Library</LOCATION_DESC><LOCATION_NAME>York Woods</LOCATION_NAME><ADDRESS>1785 Finch Ave W</ADDRESS><PHONE>416-395-5980</PHONE><NOTES/><LAT>43.759142</LAT><LON>-79.507456</LON></LOCATION><LOCATION><LOCATION_TYPE_CD>COOL_LOCN</LOCATION_TYPE_CD><LOCATION_TYPE_DESC>Cooling Location</LOCATION_TYPE_DESC><LOCATION_CD>LIBRARY</LOCATION_CD><LOCATION_DESC>Library</LOCATION_DESC><LOCATION_NAME>Yorkville</LOCATION_NAME><ADDRESS>22 Yorkville Ave</ADDRESS><PHONE>416-393-7660</PHONE><NOTES/><LAT>43.671911</LAT><LON>-79.388645</LON></LOCATION><LOCATION><LOCATION_TYPE_CD>COOL_CNTR</LOCATION_TYPE_CD><LOCATION_TYPE_DESC>Cooling Centre</LOCATION_TYPE_DESC><LOCATION_CD>REC_CNTR</LOCATION_CD><LOCATION_DESC>Recreation Centre</LOCATION_DESC><LOCATION_NAME>Centennial Community Centre</LOCATION_NAME><ADDRESS>1967 Ellesmere Rd</ADDRESS><PHONE/><NOTES>11:00 a.m. - 7:00 p.m.</NOTES><LAT>43.775498</LAT><LON>-79.236204</LON></LOCATION><LOCATION><LOCATION_TYPE_CD>COOL_CNTR</LOCATION_TYPE_CD><LOCATION_TYPE_DESC>Cooling Centre</LOCATION_TYPE_DESC><LOCATION_CD>COMM_CNTR</LOCATION_CD><LOCATION_DESC>Community Centre</LOCATION_DESC><LOCATION_NAME>Driftwood Community Centre</LOCATION_NAME><ADDRESS>4401 Jane St</ADDRESS><PHONE/><NOTES>11:00 a.m. - 7:00 p.m.</NOTES><LAT>43.765349</LAT><LON>-79.518802</LON></LOCATION><LOCATION><LOCATION_TYPE_CD>COOL_CNTR</LOCATION_TYPE_CD><LOCATION_TYPE_DESC>Cooling Centre</LOCATION_TYPE_DESC><LOCATION_CD>CVC_CNTR</LOCATION_CD><LOCATION_DESC>Civic Centre</LOCATION_DESC><LOCATION_NAME>East York Civic Centre</LOCATION_NAME><ADDRESS>850 Coxwell Avenue</ADDRESS><PHONE/><NOTES>11:00 a.m. - 7:00 p.m.</NOTES><LAT>43.691227</LAT><LON>-79.328354</LON></LOCATION><LOCATION><LOCATION_TYPE_CD>COOL_CNTR</LOCATION_TYPE_CD><LOCATION_TYPE_DESC>Cooling Centre</LOCATION_TYPE_DESC><LOCATION_CD>CVC_CNTR</LOCATION_CD><LOCATION_DESC>Civic Centre</LOCATION_DESC><LOCATION_NAME>Etobicoke Civic Centre </LOCATION_NAME><ADDRESS>399 The West Mall</ADDRESS><PHONE/><NOTES>11:00 a.m. - 7:00 p.m.</NOTES><LAT>43.643502</LAT><LON>-79.566094</LON></LOCATION><LOCATION><LOCATION_TYPE_CD>COOL_CNTR</LOCATION_TYPE_CD><LOCATION_TYPE_DESC>Cooling Centre</LOCATION_TYPE_DESC><LOCATION_CD>COMM_CNTR</LOCATION_CD><LOCATION_DESC>Community Centre</LOCATION_DESC><LOCATION_NAME>McGregor Community Centre</LOCATION_NAME><ADDRESS>2231 Lawrence Ave East</ADDRESS><PHONE/><NOTES>11:00 a.m. - 7:00 p.m.</NOTES><LAT>43.747491</LAT><LON>-79.280128</LON></LOCATION><LOCATION><LOCATION_TYPE_CD>COOL_CNTR</LOCATION_TYPE_CD><LOCATION_TYPE_DESC>Cooling Centre</LOCATION_TYPE_DESC><LOCATION_CD>CVC_CNTR</LOCATION_CD><LOCATION_DESC>Civic Centre</LOCATION_DESC><LOCATION_NAME>Metro Hall</LOCATION_NAME><ADDRESS>55 John Street</ADDRESS><PHONE/><NOTES>Open 24 hours/day</NOTES><LAT>43.646029</LAT><LON>-79.389133</LON></LOCATION><LOCATION><LOCATION_TYPE_CD>COOL_CNTR</LOCATION_TYPE_CD><LOCATION_TYPE_DESC>Cooling Centre</LOCATION_TYPE_DESC><LOCATION_CD>CVC_CNTR</LOCATION_CD><LOCATION_DESC>Civic Centre</LOCATION_DESC><LOCATION_NAME>North York Civic Centre</LOCATION_NAME><ADDRESS>5100 Yonge Street</ADDRESS><PHONE/><NOTES>11:00 a.m. - 7:00 p.m.</NOTES><LAT>43.767328</LAT><LON>-79.414759</LON></LOCATION></AC_LOCATIONS>